DROP database IF EXISTS sensecap_monitor;
CREATE DATABASE sensecap_monitor;

USE sensecap_monitor;


SET NAMES utf8mb4;
SET FOREIGN_KEY_CHECKS = 0;

-- ----------------------------
--  Table structure for `tb_dev_outlet`
-- ----------------------------
DROP TABLE IF EXISTS `tb_dev_outlet`;
CREATE TABLE `tb_dev_outlet` (
  `id` int(11) NOT NULL AUTO_INCREMENT,
  `name` varchar(1023) DEFAULT NULL,
  `devId` varchar(255) DEFAULT NULL,
  `openOutlet` int(11) DEFAULT NULL,
  `closeOutlet` int(11) DEFAULT NULL,
  `isuse` tinyint(1) DEFAULT NULL,
  PRIMARY KEY (`id`) USING BTREE
) ENGINE=InnoDB AUTO_INCREMENT=13 DEFAULT CHARSET=utf8 ROW_FORMAT=DYNAMIC;

-- ----------------------------
--  Records of `tb_dev_outlet`
-- ----------------------------
BEGIN;
INSERT INTO `tb_dev_outlet` VALUES ('5', '灌溉水泵', '10002dfebf', '0', '-1', '1'), ('6', '通风风机', '10002dfebf', '1', '-1', '1'), ('7', '补光灯', '10002dfebf', '2', '-1', '1'), ('8', '遮阳帘', '10002dfebf', '3', '-1', '1'), ('9', 'Sonoff GSM4 R1', '10002dff0a', '0', '-1', '0'), ('10', 'Sonoff GSM4 R2', '10002dff0a', '1', '-1', '0'), ('11', 'Sonoff GSM4 R3', '10002dff0a', '2', '-1', '0'), ('12', 'Sonoff GSM4 R4', '10002dff0a', '3', '-1', '0');
COMMIT;

-- ----------------------------
--  Table structure for `tb_measure`
-- ----------------------------
DROP TABLE IF EXISTS `tb_measure`;
CREATE TABLE `tb_measure` (
  `measure_id` int(11) NOT NULL,
  `measure_Name` varchar(1023) DEFAULT NULL,
  `unit` varchar(255) DEFAULT NULL,
  `cate_id` varchar(255) DEFAULT NULL,
  `minval` double(23,10) DEFAULT NULL,
  `maxval` double(23,10) DEFAULT NULL,
  PRIMARY KEY (`measure_id`) USING BTREE
) ENGINE=InnoDB DEFAULT CHARSET=utf8 ROW_FORMAT=DYNAMIC;

-- ----------------------------
--  Records of `tb_measure`
-- ----------------------------
BEGIN;
INSERT INTO `tb_measure` VALUES ('4097', 'Air Temperature', '℃', '1001', '-40.0000000000', '90.0000000000'), ('4098', 'Air Humidity', '%RH', '1001', '0.0000000000', '100.0000000000'), ('4099', 'Light', 'Lux', '1003', '0.0000000000', '188000.0000000000'), ('4100', 'CO2', 'ppm', '1004', '400.0000000000', '10000.0000000000'), ('4101', 'Air Pressure', 'Pa', '1005', '300.0000000000', '1100000.0000000000'), ('4102', 'Soil Temperature', '℃', '1006', '-30.0000000000', '70.0000000000'), ('4103', 'Soil Humidity', '%RH', '1006', '0.0000000000', '100.0000000000'), ('4104', 'Wind Direction', '°', '1008', '0.0000000000', '315.0000000000'), ('4105', 'Wind Speed', 'm/s', '1009', '0.0000000000', '60.0000000000'), ('4106', 'Water PH', 'PH', '100A', '0.0000000000', '14.0000000000'), ('4107', 'Light quantum', 'umol/㎡s', '100B', '0.0000000000', '2000.0000000000'), ('4108', 'Electrical Conductivity', 'dS/m', '100C', '0.0000000000', '23.0000000000'), ('4109', 'Dissolved Oxygen', 'mg/L', '100D', '0.0000000000', '20.0000000000'), ('4110', 'Soil Volumetric Water Content', '%', '100E', '0.0000000000', '100.0000000000'), ('4111', 'Soil Electrical Conductivity', 'dS/m', '100E', '0.0000000000', '23.0000000000'), ('4112', 'Soil Temperature', '℃', '100E', '-40.0000000000', '60.0000000000'), ('4113', 'Rainfall Hourly', 'mm/hour', '1011', '0.0000000000', '240.0000000000');
COMMIT;

-- ----------------------------
--  Table structure for `tb_measure_cates`
-- ----------------------------
DROP TABLE IF EXISTS `tb_measure_cates`;
CREATE TABLE `tb_measure_cates` (
  `id` int(11) NOT NULL AUTO_INCREMENT,
  `cate_id` varchar(255) DEFAULT NULL,
  `cate_name` varchar(1023) DEFAULT NULL,
  `class_id` int(11) DEFAULT NULL,
  PRIMARY KEY (`id`) USING BTREE
) ENGINE=InnoDB AUTO_INCREMENT=18 DEFAULT CHARSET=utf8 ROW_FORMAT=DYNAMIC;

-- ----------------------------
--  Records of `tb_measure_cates`
-- ----------------------------
BEGIN;
INSERT INTO `tb_measure_cates` VALUES ('5', '1011', 'SenseCAP Rainfall Recorder', '2'), ('6', '100E', 'SenseCAP Soil VWC&EC&Temp Sensor', '2'), ('7', '100D', 'SenseCAP Dissolved Oxygen', '2'), ('8', '100C', 'SenseCAP Electrical Conductivity', '2'), ('9', '100B', 'SenseCAP Light quantum', '2'), ('10', '100A', 'SenseCAP Water PH', '2'), ('11', '1009', 'SenseCAP Wind Speed Sensor', '1'), ('12', '1008', 'SenseCAP Wind Direction Sensor', '1'), ('13', '1006', 'SenseCAP Soil Temp&Humi Sensor', '2'), ('14', '1005', 'SenseCAP Air Pressure Sensor', '2'), ('15', '1004', 'SenseCAP CO2 Sensor', '1'), ('16', '1003', 'SenseCAP Light Sensor', '1'), ('17', '1001', 'SenseCAP AirTemp&Humi Sensor', '1');
COMMIT;

-- ----------------------------
--  Table structure for `tb_measure_class`
-- ----------------------------
DROP TABLE IF EXISTS `tb_measure_class`;
CREATE TABLE `tb_measure_class` (
  `id` int(11) NOT NULL,
  `name` varchar(255) DEFAULT NULL,
  PRIMARY KEY (`id`) USING BTREE
) ENGINE=InnoDB DEFAULT CHARSET=utf8 ROW_FORMAT=DYNAMIC;

-- ----------------------------
--  Records of `tb_measure_class`
-- ----------------------------
BEGIN;
INSERT INTO `tb_measure_class` VALUES ('1', '环境监测'), ('2', '土壤监测');
COMMIT;

-- ----------------------------
--  Table structure for `tb_node_measure_values`
-- ----------------------------
DROP TABLE IF EXISTS `tb_node_measure_values`;
CREATE TABLE `tb_node_measure_values` (
  `id` int(11) NOT NULL AUTO_INCREMENT,
  `dev_eui` varchar(255) DEFAULT NULL,
  `measure_id` int(11) DEFAULT NULL,
  `channel` int(11) DEFAULT NULL,
  `value` double(23,10) DEFAULT NULL,
  `time` bigint(20) DEFAULT NULL,
  PRIMARY KEY (`id`) USING BTREE
) ENGINE=InnoDB AUTO_INCREMENT=12939 DEFAULT CHARSET=utf8 ROW_FORMAT=DYNAMIC;

-- ----------------------------
--  Records of `tb_node_measure_values`
-- ----------------------------
BEGIN;
INSERT INTO `tb_node_measure_values` VALUES ('10292', '2CF7F12213800052', '4097', '1', '27.0000000000', '1575860727612'), ('10293', '2CF7F12213800052', '4098', '1', '30.0000000000', '1575860727612'), ('10294', '2CF7F12213800053', '4097', '1', '22.0000000000', '1575860769630'), ('10295', '2CF7F12213800053', '4098', '1', '38.0000000000', '1575860769630'), ('10296', '2CF7F1221210008B', '4100', '1', '1216.0000000000', '1575860777516'), ('10297', '2CF7F1221380003E', '4097', '1', '21.0000000000', '1575860788616'), ('10298', '2CF7F1221380003E', '4098', '1', '23.0000000000', '1575860788616'), ('10299', '2CF7F12213800070', '4101', '1', '101751.0000000000', '1575860858755'), ('10300', '2CF7F12212100054', '4100', '1', '1154.0000000000', '1575860899759'), ('10301', '2CF7F12213800038', '4097', '1', '29.0000000000', '1575860997633'), ('10302', '2CF7F12213800038', '4098', '1', '31.0000000000', '1575860997633'), ('10303', '2CF7F12213800070', '4101', '1', '101730.0000000000', '1575861162857'), ('10304', '2CF7F12213800016', '4097', '1', '28.0000000000', '1575861170152'), ('10305', '2CF7F12213800016', '4098', '1', '32.0000000000', '1575861170152'), ('10306', '2CF7F12213800070', '4101', '1', '101730.0000000000', '1575861175711'), ('10307', '2CF7F12213800070', '4101', '1', '101730.0000000000', '1575861188513'), ('10308', '2CF7F1221380001F', '4097', '1', '29.0000000000', '1575861191963'), ('10309', '2CF7F1221380001F', '4098', '1', '30.0000000000', '1575861191963'), ('10310', '2CF7F12212100080', '4100', '1', '910.0000000000', '1575861202614'), ('10311', '2CF7F12213800035', '4097', '1', '28.0000000000', '1575861206361'), ('10312', '2CF7F12213800035', '4098', '1', '38.0000000000', '1575861206361'), ('10313', '2CF7F12212100073', '4100', '1', '1269.0000000000', '1575861317713'), ('10314', '2CF7F12213800032', '4097', '1', '30.0000000000', '1575861441248'), ('10315', '2CF7F12213800032', '4098', '1', '34.0000000000', '1575861441248'), ('10316', '2CF7F12213800070', '4101', '1', '101718.0000000000', '1575861494538'), ('10317', '2CF7F12213800070', '4101', '1', '101718.0000000000', '1575861507139'), ('10318', '2CF7F1221040001E', '4098', '1', '34.0000000000', '1575861505216'), ('10319', '2CF7F1221040001E', '4097', '1', '20.0000000000', '1575861505216'), ('10320', '2CF7F12210400026', '4097', '1', '20.0000000000', '1575861512718'), ('10321', '2CF7F12210400026', '4098', '1', '58.0000000000', '1575861512718'), ('10322', '2CF7F12210400026', '4097', '1', '20.0000000000', '1575861525475'), ('10323', '2CF7F12210400026', '4098', '1', '58.0000000000', '1575861525475'), ('10324', '2CF7F1221380003C', '4097', '1', '22.0000000000', '1575861567683'), ('10325', '2CF7F1221380003C', '4098', '1', '27.0000000000', '1575861567683'), ('10326', '2CF7F12213800026', '4097', '1', '29.0000000000', '1575861590600'), ('10327', '2CF7F12213800026', '4098', '1', '42.0000000000', '1575861590600'), ('10328', '2CF7F12212100098', '4100', '1', '1042.0000000000', '1575861619898'), ('10329', '2CF7F12213800019', '4097', '1', '29.0000000000', '1575861655742'), ('10330', '2CF7F12213800019', '4098', '1', '30.0000000000', '1575861655742'), ('10331', '2CF7F12212100079', '4100', '1', '2871.0000000000', '1575861703271'), ('10332', '2CF7F12213800023', '4098', '1', '27.0000000000', '1575861771213'), ('10333', '2CF7F12213800023', '4097', '1', '23.0000000000', '1575861771213'), ('10334', '2CF7F12213800034', '4097', '1', '23.0000000000', '1575861786449'), ('10335', '2CF7F12213800034', '4098', '1', '23.0000000000', '1575861786449'), ('10336', '2CF7F12213800070', '4101', '1', '101695.0000000000', '1575861811919'), ('10337', '2CF7F1221210007F', '4100', '1', '1311.0000000000', '1575861906729'), ('10338', '2CF7F12210400036', '4097', '1', '19.0000000000', '1575862022585'), ('10339', '2CF7F12210400036', '4098', '1', '35.0000000000', '1575862022585'), ('10340', '2CF7F1221380005F', '4097', '1', '30.0000000000', '1575862086766'), ('10341', '2CF7F1221380005F', '4098', '1', '32.0000000000', '1575862086766'), ('10342', '2CF7F12213800070', '4101', '1', '101693.0000000000', '1575862116696'), ('10343', '2CF7F12213800067', '4097', '1', '29.0000000000', '1575862125158'), ('10344', '2CF7F12213800067', '4098', '1', '28.0000000000', '1575862125158'), ('10345', '2CF7F12212100017', '4100', '1', '827.0000000000', '1575862205802'), ('10346', '2CF7F1221210009D', '4100', '1', '1072.0000000000', '1575862270877'), ('10347', '2CF7F12213800070', '4101', '1', '101686.0000000000', '1575862421473'), ('10348', '2CF7F12210400049', '4099', '1', '12.9600000000', '1575862444658'), ('10349', '2CF7F12213800014', '4097', '1', '30.0000000000', '1575862483116'), ('10350', '2CF7F12213800014', '4098', '1', '31.0000000000', '1575862483116'), ('10351', '2CF7F12213800075', '4097', '1', '23.0000000000', '1575862498814'), ('10352', '2CF7F12213800075', '4098', '1', '37.0000000000', '1575862498814'), ('10353', '2CF7F12213800028', '4097', '1', '30.0000000000', '1575862561653'), ('10354', '2CF7F12213800028', '4098', '1', '30.0000000000', '1575862561653'), ('10355', '2CF7F12213800054', '4097', '1', '30.0000000000', '1575862601386'), ('10356', '2CF7F12213800054', '4098', '1', '33.0000000000', '1575862601386'), ('10357', '2CF7F12212100093', '4100', '1', '1156.0000000000', '1575862603432'), ('10358', '2CF7F12212100056', '4100', '1', '1178.0000000000', '1575862606797'), ('10359', '2CF7F1221040003B', '4105', '1', '0.8750000000', '1575870627828'), ('10360', '2CF7F1221040002E', '4110', '1', '0.0000000000', '1575870801516'), ('10361', '2CF7F1221040002E', '4112', '1', '0.0000000000', '1575870801516'), ('10362', '2CF7F1221040002E', '4111', '1', '0.0000000000', '1575870801516'), ('10363', '2CF7F1221040008E', '4099', '1', '0.0000000000', '1575870803320'), ('10364', '2CF7F1221040003A', '4107', '1', '558.0000000000', '1575870812259'), ('10365', '2CF7F12212100016', '4110', '1', '0.0000000000', '1575870848972'), ('10366', '2CF7F12212100016', '4112', '1', '34.4000000000', '1575870848972'), ('10367', '2CF7F12212100016', '4111', '1', '0.0000000000', '1575870848972'), ('10368', '2CF7F1221210006C', '4111', '1', '0.0000000000', '1575871070943'), ('10369', '2CF7F1221210006C', '4110', '1', '0.0000000000', '1575871070943'), ('10370', '2CF7F1221210006C', '4112', '1', '34.8000000000', '1575871070943'), ('10371', '2CF7F12210400018', '4097', '1', '4.0000000000', '1575871223280'), ('10372', '2CF7F12210400018', '4098', '1', '94.0000000000', '1575871223280'), ('10373', '2CF7F12212100089', '4113', '1', '0.0000000000', '1575871319997'), ('10374', '2CF7F1221210004A', '4103', '1', '1.6500000000', '1575871371887'), ('10375', '2CF7F1221210004A', '4102', '1', '30.1000000000', '1575871371887'), ('10376', '2CF7F12210400084', '4100', '1', '240.0000000000', '1575871426341'), ('10377', '2CF7F1221040004B', '4099', '1', '18428.8870000000', '1575871481847'), ('10378', '2CF7F12212100013', '4106', '1', '5.9020000000', '1575871885327'), ('10379', '2CF7F1221210004B', '4102', '1', '28.5000000000', '1575872012876'), ('10380', '2CF7F1221210004B', '4103', '1', '0.9500000000', '1575872012876'), ('10381', '2CF7F12212100062', '4102', '1', '27.5000000000', '1575872021908'), ('10382', '2CF7F12212100062', '4103', '1', '1.2500000000', '1575872021908'), ('10383', '2CF7F1221210001B', '4107', '1', '695.0000000000', '1575872236179'), ('10384', '2CF7F12210400022', '4104', '1', '180.0000000000', '1575872341605'), ('10385', '2CF7F12212100072', '4105', '1', '0.6250000000', '1575872430159'), ('10386', '2CF7F12210400019', '4097', '1', '31.0000000000', '1575872444641'), ('10387', '2CF7F12210400019', '4098', '1', '20.0000000000', '1575872444641'), ('10388', '2CF7F1221210006E', '4104', '1', '225.0000000000', '1575872599289'), ('10389', '2CF7F1221040002B', '4111', '1', '0.0600000000', '1575872608948'), ('10390', '2CF7F1221040002B', '4110', '1', '22.0000000000', '1575872608948'), ('10391', '2CF7F1221040002B', '4112', '1', '6.5000000000', '1575872608948'), ('10392', '2CF7F12210400034', '4106', '1', '6.3000000000', '1575873148532'), ('10393', '2CF7F1221210001A', '4111', '1', '0.0000000000', '1575873185321'), ('10394', '2CF7F1221210001A', '4110', '1', '0.0000000000', '1575873185321'), ('10395', '2CF7F1221210001A', '4112', '1', '32.5000000000', '1575873185321'), ('10396', '2CF7F12210400039', '4097', '1', '23.0000000000', '1575873237466'), ('10397', '2CF7F12210400039', '4098', '1', '29.0000000000', '1575873237466'), ('10398', '2CF7F1221040000E', '4101', '1', '101770.0000000000', '1575873245540'), ('10399', '2CF7F12210400038', '4106', '1', '0.0000000000', '1575873257647'), ('10400', '2CF7F12212100010', '4106', '1', '6.0030000000', '1575873358790'), ('10401', '2CF7F1221210001D', '4106', '1', '6.0590000000', '1575873576930'), ('10402', '2CF7F12212100076', '4110', '1', '0.0000000000', '1575873599272'), ('10403', '2CF7F12212100076', '4111', '1', '0.0000000000', '1575873599272'), ('10404', '2CF7F12212100076', '4112', '1', '30.5000000000', '1575873599272'), ('10405', '2CF7F12212100070', '4106', '1', '6.0080000000', '1575873735600'), ('10406', '2CF7F1221210002D', '4102', '1', '27.1500000000', '1575873834393'), ('10407', '2CF7F1221210002D', '4103', '1', '1.5000000000', '1575873834393'), ('10408', '2CF7F1221040003B', '4105', '1', '0.3750000000', '1575874233933'), ('10409', '2CF7F1221040003A', '4107', '1', '383.0000000000', '1575874417206'), ('10410', '2CF7F1221040008E', '4099', '1', '28062.7200000000', '1575874408240'), ('10411', '2CF7F1221040002E', '4110', '1', '0.0000000000', '1575874409895'), ('10412', '2CF7F1221040002E', '4111', '1', '0.0000000000', '1575874409895'), ('10413', '2CF7F1221040002E', '4112', '1', '0.0000000000', '1575874409895'), ('10414', '2CF7F12212100016', '4111', '1', '0.0000000000', '1575874457344'), ('10415', '2CF7F12212100016', '4110', '1', '0.0000000000', '1575874457344'), ('10416', '2CF7F12212100016', '4112', '1', '31.9000000000', '1575874457344'), ('10417', '2CF7F1221210006C', '4110', '1', '0.0000000000', '1575874679314'), ('10418', '2CF7F1221210006C', '4111', '1', '0.0000000000', '1575874679314'), ('10419', '2CF7F1221210006C', '4112', '1', '32.8000000000', '1575874679314'), ('10420', '2CF7F12210400018', '4097', '1', '6.0000000000', '1575874828752'), ('10421', '2CF7F12210400018', '4098', '1', '93.0000000000', '1575874828752'), ('10422', '2CF7F12212100089', '4113', '1', '0.0000000000', '1575874925113'), ('10423', '2CF7F12212100089', '4113', '1', '0.0000000000', '1575874944497'), ('10424', '2CF7F1221210004A', '4102', '1', '29.4500000000', '1575874978230'), ('10425', '2CF7F1221210004A', '4103', '1', '1.6000000000', '1575874978230'), ('10426', '2CF7F12210400084', '4100', '1', '238.0000000000', '1575875071327'), ('10427', '2CF7F1221040004B', '4099', '1', '23405.5270000000', '1575875086366'), ('10428', '2CF7F12212100013', '4106', '1', '5.9920000000', '1575875495164'), ('10429', '2CF7F1221210004B', '4102', '1', '25.7000000000', '1575875618870'), ('10430', '2CF7F1221210004B', '4103', '1', '0.6500000000', '1575875618870'), ('10431', '2CF7F12212100062', '4102', '1', '25.2000000000', '1575875628246'), ('10432', '2CF7F12212100062', '4103', '1', '0.6500000000', '1575875628246'), ('10433', '2CF7F1221210001B', '4107', '1', '292.0000000000', '1575875841160'), ('10434', '2CF7F12210400022', '4104', '1', '180.0000000000', '1575875948981'), ('10435', '2CF7F12212100072', '4105', '1', '0.8750000000', '1575876036851'), ('10436', '2CF7F12210400019', '4097', '1', '27.0000000000', '1575876049780'), ('10437', '2CF7F12210400019', '4098', '1', '22.0000000000', '1575876049780'), ('10438', '2CF7F1221210006E', '4104', '1', '270.0000000000', '1575876206181'), ('10439', '2CF7F1221040002B', '4110', '1', '21.9000000000', '1575876217375'), ('10440', '2CF7F1221040002B', '4111', '1', '0.0600000000', '1575876217375'), ('10441', '2CF7F1221040002B', '4112', '1', '6.5000000000', '1575876217375'), ('10442', '2CF7F12210400034', '4106', '1', '6.2830000000', '1575876758385'), ('10443', '2CF7F1221210001A', '4110', '1', '0.0000000000', '1575876793866'), ('10444', '2CF7F1221210001A', '4111', '1', '0.0000000000', '1575876793866'), ('10445', '2CF7F1221210001A', '4112', '1', '27.4000000000', '1575876793866'), ('10446', '2CF7F12210400039', '4097', '1', '22.0000000000', '1575876842626'), ('10447', '2CF7F12210400039', '4098', '1', '32.0000000000', '1575876842626'), ('10448', '2CF7F1221040000E', '4101', '1', '101699.0000000000', '1575876850453'), ('10449', '2CF7F12210400038', '4106', '1', '0.0000000000', '1575876867593'), ('10450', '2CF7F12212100010', '4106', '1', '6.1150000000', '1575876968614'), ('10451', '2CF7F1221210001D', '4106', '1', '6.1090000000', '1575877186758'), ('10452', '2CF7F12212100076', '4110', '1', '0.0000000000', '1575877207407'), ('10453', '2CF7F12212100076', '4112', '1', '27.0000000000', '1575877207407'), ('10454', '2CF7F12212100076', '4111', '1', '0.0000000000', '1575877207407'), ('10455', '2CF7F12212100070', '4106', '1', '5.9580000000', '1575877345453'), ('10456', '2CF7F1221210002D', '4102', '1', '25.3000000000', '1575877440644'), ('10457', '2CF7F1221210002D', '4103', '1', '1.2500000000', '1575877440644'), ('10458', '2CF7F1221040003B', '4105', '1', '0.3750000000', '1575877840801'), ('10459', '2CF7F1221040008E', '4099', '1', '0.0000000000', '1575878013168'), ('10460', '2CF7F1221040002E', '4110', '1', '0.0000000000', '1575878018294'), ('10461', '2CF7F1221040002E', '4112', '1', '0.0000000000', '1575878018294'), ('10462', '2CF7F1221040002E', '4111', '1', '0.0000000000', '1575878018294'), ('10463', '2CF7F1221040003A', '4107', '1', '136.0000000000', '1575878040640'), ('10464', '2CF7F12212100016', '4110', '1', '0.0000000000', '1575878065723'), ('10465', '2CF7F12212100016', '4111', '1', '0.0000000000', '1575878065723'), ('10466', '2CF7F12212100016', '4112', '1', '27.3000000000', '1575878065723'), ('10467', '2CF7F1221210006C', '4112', '1', '26.0000000000', '1575878287696'), ('10468', '2CF7F1221210006C', '4111', '1', '0.0000000000', '1575878287696'), ('10469', '2CF7F1221210006C', '4110', '1', '0.0000000000', '1575878287696'), ('10470', '2CF7F12210400018', '4097', '1', '3.0000000000', '1575878433915'), ('10471', '2CF7F12210400018', '4098', '1', '80.0000000000', '1575878433915'), ('10472', '2CF7F12212100089', '4113', '1', '0.0000000000', '1575878549453'), ('10473', '2CF7F1221210004A', '4102', '1', '24.1500000000', '1575878584246'), ('10474', '2CF7F1221210004A', '4103', '1', '1.3500000000', '1575878584246'), ('10475', '2CF7F1221040004B', '4099', '1', '26680.3200000000', '1575878691156'), ('10476', '2CF7F12210400084', '4100', '1', '232.0000000000', '1575878715736'), ('10477', '2CF7F12212100013', '4106', '1', '6.0140000000', '1575879105723'), ('10478', '2CF7F1221210008B', '4100', '1', '1060.0000000000', '1575879170344'), ('10479', '2CF7F1221210008B', '4100', '1', '1060.0000000000', '1575879170342'), ('10480', '2CF7F1221210001B', '4107', '1', '150.0000000000', '1575879446305'), ('10481', '2CF7F12210400022', '4104', '1', '180.0000000000', '1575879554946'), ('10482', '2CF7F12212100072', '4105', '1', '0.7500000000', '1575879643834'), ('10483', '2CF7F12210400019', '4097', '1', '24.0000000000', '1575879655232'), ('10484', '2CF7F12210400019', '4098', '1', '28.0000000000', '1575879655232'), ('10485', '2CF7F1221210006E', '4104', '1', '225.0000000000', '1575879813732'), ('10486', '2CF7F1221040002B', '4110', '1', '21.9000000000', '1575879825929'), ('10487', '2CF7F1221210006E', '4104', '1', '225.0000000000', '1575879825982'), ('10488', '2CF7F1221040002B', '4112', '1', '6.5000000000', '1575879825929'), ('10489', '2CF7F1221040002B', '4111', '1', '0.0600000000', '1575879825929'), ('10490', '2CF7F15000100124', '4097', '1', '22.0000000000', '1575880329000'), ('10491', '2CF7F15000100124', '4098', '1', '38.0000000000', '1575880329000'), ('10492', '2CF7F15000100138', '4101', '1', '101235.0000000000', '1575880347000'), ('10493', '2CF7F12210400023', '4099', '1', '0.0000000000', '1575880418424'), ('10494', '2CF7F15000100124', '4097', '1', '22.0000000000', '1575880638000'), ('10495', '2CF7F15000100124', '4098', '1', '38.0000000000', '1575880638000'), ('10496', '2CF7F15000100138', '4101', '1', '101238.0000000000', '1575880653000'), ('10497', '2CF7F12210400082', '4101', '1', '101266.0000000000', '1575880859344'), ('10498', '2CF7F15000100124', '4098', '1', '38.0000000000', '1575880945000'), ('10499', '2CF7F15000100124', '4097', '1', '22.0000000000', '1575880945000'), ('10500', '2CF7F15000100138', '4101', '1', '101250.0000000000', '1575880959000'), ('10501', '2CF7F15000100124', '4098', '1', '38.0000000000', '1575881252000'), ('10502', '2CF7F15000100124', '4097', '1', '22.0000000000', '1575881252000'), ('10503', '2CF7F15000100138', '4101', '1', '101254.0000000000', '1575881266000'), ('10504', '2CF7F12210400046', '4097', '1', '22.0000000000', '1575881413679'), ('10505', '2CF7F12210400046', '4098', '1', '36.0000000000', '1575881413679'), ('10506', '2CF7F15000100124', '4097', '1', '22.0000000000', '1575881559000'), ('10507', '2CF7F15000100124', '4098', '1', '38.0000000000', '1575881559000'), ('10508', '2CF7F15000100138', '4101', '1', '101254.0000000000', '1575881572000'), ('10509', '2CF7F15000100124', '4097', '1', '22.0000000000', '1575881867000'), ('10510', '2CF7F15000100124', '4098', '1', '38.0000000000', '1575881867000'), ('10511', '2CF7F15000100138', '4101', '1', '101261.0000000000', '1575881878000'), ('10512', '2CF7F15000100124', '4097', '1', '22.0000000000', '1575882174000'), ('10513', '2CF7F15000100124', '4098', '1', '37.0000000000', '1575882174000'), ('10514', '2CF7F15000100138', '4101', '1', '101263.0000000000', '1575882185000'), ('10515', '2CF7F15000100124', '4098', '1', '36.0000000000', '1575882481000'), ('10516', '2CF7F15000100124', '4097', '1', '22.0000000000', '1575882481000'), ('10517', '2CF7F15000100138', '4101', '1', '101262.0000000000', '1575882491000'), ('10518', '2CF7F15000100124', '4097', '1', '22.0000000000', '1575882788000'), ('10519', '2CF7F15000100124', '4098', '1', '36.0000000000', '1575882788000'), ('10520', '2CF7F15000100138', '4101', '1', '101260.0000000000', '1575882797000'), ('10521', '2CF7F15000100124', '4097', '1', '22.0000000000', '1575883095000'), ('10522', '2CF7F15000100124', '4098', '1', '36.0000000000', '1575883095000'), ('10523', '2CF7F15000100138', '4101', '1', '101263.0000000000', '1575883104000'), ('10524', '2CF7F1201070001C', '4110', '1', '32.7000000000', '1575883141550'), ('10525', '2CF7F1201070001C', '4112', '1', '21.0000000000', '1575883141550'), ('10526', '2CF7F1201070001C', '4111', '1', '0.3100000000', '1575883141550'), ('10527', '2CF7F12010700001', '4101', '1', '101284.0000000000', '1575883310959'), ('10528', '2CF7F12010700041', '4097', '1', '22.0000000000', '1575883330733'), ('10529', '2CF7F12010700041', '4098', '1', '28.0000000000', '1575883330733'), ('10530', '2CF7F1201070003F', '4101', '1', '101331.0000000000', '1575883348761'), ('10531', '2CF7F12010700061', '4097', '1', '19.0000000000', '1575883404449'), ('10532', '2CF7F12010700061', '4098', '1', '34.0000000000', '1575883404449'), ('10533', '2CF7F1201070002C', '4097', '1', '19.0000000000', '1575883423633'), ('10534', '2CF7F1201070002C', '4098', '1', '37.0000000000', '1575883423633'), ('10535', '2CF7F1201070005D', '4097', '1', '21.0000000000', '1575883441276'), ('10536', '2CF7F1201070005D', '4098', '1', '28.0000000000', '1575883441276'), ('10537', '2CF7F12010700029', '4101', '1', '101301.0000000000', '1575883454937'), ('10538', '2CF7F12010700070', '4097', '1', '21.0000000000', '1575883478995'), ('10539', '2CF7F12010700070', '4098', '1', '29.0000000000', '1575883478995'), ('10540', '2CF7F12010700070', '4097', '1', '21.0000000000', '1575883490104'), ('10541', '2CF7F12010700070', '4098', '1', '29.0000000000', '1575883490104'), ('10542', '2CF7F12010700028', '4101', '1', '101253.0000000000', '1575883494940'), ('10543', '2CF7F12010700060', '4101', '1', '101305.0000000000', '1575883498177'), ('10544', '2CF7F1201070000D', '4101', '1', '101340.0000000000', '1575883509390'), ('10545', '2CF7F12010700076', '4098', '1', '34.0000000000', '1575883510206'), ('10546', '2CF7F12010700076', '4097', '1', '19.0000000000', '1575883510206'), ('10547', '2CF7F1201070002A', '4097', '1', '19.0000000000', '1575883573169'), ('10548', '2CF7F1201070002A', '4098', '1', '36.0000000000', '1575883573169'), ('10549', '2CF7F12010700001', '4101', '1', '101288.0000000000', '1575883614993'), ('10550', '2CF7F12010700041', '4097', '1', '21.0000000000', '1575883631699'), ('10551', '2CF7F12010700041', '4098', '1', '29.0000000000', '1575883631699'), ('10552', '2CF7F1201070003F', '4101', '1', '101328.0000000000', '1575883650829'), ('10553', '2CF7F1201070003F', '4101', '1', '101328.0000000000', '1575883650751'), ('10554', '2CF7F12010700061', '4097', '1', '19.0000000000', '1575883708721'), ('10555', '2CF7F12010700061', '4098', '1', '34.0000000000', '1575883708721'), ('10556', '2CF7F1201070002C', '4097', '1', '19.0000000000', '1575883728666'), ('10557', '2CF7F1201070002C', '4098', '1', '36.0000000000', '1575883728666'), ('10558', '2CF7F1201070005D', '4097', '1', '21.0000000000', '1575883743348'), ('10559', '2CF7F1201070005D', '4098', '1', '29.0000000000', '1575883743348'), ('10560', '2CF7F12010700029', '4101', '1', '101303.0000000000', '1575883756930'), ('10561', '2CF7F12010700029', '4101', '1', '101303.0000000000', '1575883756869'), ('10562', '2CF7F12010700070', '4097', '1', '21.0000000000', '1575883792163'), ('10563', '2CF7F12010700070', '4098', '1', '30.0000000000', '1575883792163'), ('10564', '2CF7F12010700028', '4101', '1', '101257.0000000000', '1575883796742'), ('10565', '2CF7F12010700028', '4101', '1', '101257.0000000000', '1575883796365'), ('10566', '2CF7F12010700060', '4101', '1', '101311.0000000000', '1575883800165'), ('10567', '2CF7F12010700060', '4101', '1', '101311.0000000000', '1575883800178'), ('10568', '2CF7F12010700060', '4101', '1', '101311.0000000000', '1575883800117'), ('10569', '2CF7F12010700070', '4097', '1', '21.0000000000', '1575883806121'), ('10570', '2CF7F12010700070', '4098', '1', '30.0000000000', '1575883806121'), ('10571', '2CF7F1201070000D', '4101', '1', '101345.0000000000', '1575883811778'), ('10572', '2CF7F1201070000D', '4101', '1', '101345.0000000000', '1575883811147'), ('10573', '2CF7F12010700076', '4097', '1', '19.0000000000', '1575883815206'), ('10574', '2CF7F12010700076', '4098', '1', '34.0000000000', '1575883815206'), ('10575', '2CF7F12010700060', '4101', '1', '101311.0000000000', '1575883820310'), ('10576', '2CF7F12010700060', '4101', '1', '101311.0000000000', '1575883820254'), ('10577', '2CF7F1201070002A', '4097', '1', '19.0000000000', '1575883878452'), ('10578', '2CF7F1201070002A', '4098', '1', '36.0000000000', '1575883878452'), ('10579', '2CF7F12010700001', '4101', '1', '101297.0000000000', '1575883919175'), ('10580', '2CF7F12010700041', '4098', '1', '30.0000000000', '1575883933372'), ('10581', '2CF7F12010700041', '4097', '1', '21.0000000000', '1575883933372'), ('10582', '2CF7F1201070003F', '4101', '1', '101340.0000000000', '1575883952716'), ('10583', '2CF7F1201070003F', '4101', '1', '101340.0000000000', '1575883952686'), ('10584', '2CF7F12010700061', '4097', '1', '19.0000000000', '1575884012901'), ('10585', '2CF7F12010700061', '4098', '1', '34.0000000000', '1575884012901'), ('10586', '2CF7F1201070002C', '4097', '1', '19.0000000000', '1575884033614'), ('10587', '2CF7F1201070002C', '4098', '1', '37.0000000000', '1575884033614'), ('10588', '2CF7F1201070005D', '4097', '1', '20.0000000000', '1575884057725'), ('10589', '2CF7F1201070005D', '4098', '1', '30.0000000000', '1575884057725'), ('10590', '2CF7F1201070000D', '4101', '1', '101353.0000000000', '1575884112688'), ('10591', '2CF7F12010700028', '4101', '1', '101266.0000000000', '1575884098117'), ('10592', '2CF7F12010700029', '4101', '1', '101312.0000000000', '1575884060583'), ('10593', '2CF7F12010700076', '4097', '1', '19.0000000000', '1575884120467'), ('10594', '2CF7F12010700076', '4098', '1', '35.0000000000', '1575884120467'), ('10595', '2CF7F12010700029', '4101', '1', '101312.0000000000', '1575884060535'), ('10596', '2CF7F12010700060', '4101', '1', '101321.0000000000', '1575884122232'), ('10597', '2CF7F12010700070', '4097', '1', '20.0000000000', '1575884108113'), ('10598', '2CF7F12010700070', '4098', '1', '35.0000000000', '1575884108113'), ('10599', '2CF7F1201070002A', '4097', '1', '19.0000000000', '1575884211389'), ('10600', '2CF7F1201070002A', '4098', '1', '37.0000000000', '1575884211389'), ('10601', '2CF7F12010700001', '4101', '1', '101300.0000000000', '1575884223227'), ('10602', '2CF7F12010700001', '4101', '1', '101300.0000000000', '1575884223184'), ('10603', '2CF7F12010700041', '4098', '1', '30.0000000000', '1575884234939'), ('10604', '2CF7F12010700041', '4097', '1', '21.0000000000', '1575884234939'), ('10605', '2CF7F1201070003F', '4101', '1', '101342.0000000000', '1575884254634'), ('10606', '2CF7F1201070003F', '4101', '1', '101342.0000000000', '1575884254681'), ('10607', '2CF7F12010700061', '4097', '1', '19.0000000000', '1575884317227'), ('10608', '2CF7F12010700061', '4098', '1', '35.0000000000', '1575884317227'), ('10609', '2CF7F1201070002C', '4097', '1', '19.0000000000', '1575884338601'), ('10610', '2CF7F1201070002C', '4098', '1', '37.0000000000', '1575884338601'), ('10611', '2CF7F1201070005D', '4097', '1', '20.0000000000', '1575884359755'), ('10612', '2CF7F1201070005D', '4098', '1', '30.0000000000', '1575884359755'), ('10613', '2CF7F12010700029', '4101', '1', '101310.0000000000', '1575884364222'), ('10614', '2CF7F12010700029', '4101', '1', '101310.0000000000', '1575884364207'), ('10615', '2CF7F1201070005D', '4097', '1', '20.0000000000', '1575884377568'), ('10616', '2CF7F1201070005D', '4098', '1', '30.0000000000', '1575884377568'), ('10617', '2CF7F12010700028', '4101', '1', '101259.0000000000', '1575884399933'), ('10618', '2CF7F12010700028', '4101', '1', '101259.0000000000', '1575884399912'), ('10619', '2CF7F1201070000D', '4101', '1', '101346.0000000000', '1575884414271'), ('10620', '2CF7F12010700076', '4098', '1', '36.0000000000', '1575884425491'), ('10621', '2CF7F12010700076', '4097', '1', '19.0000000000', '1575884425491'), ('10622', '2CF7F12010700060', '4101', '1', '101314.0000000000', '1575884425877'), ('10623', '2CF7F12010700070', '4097', '1', '20.0000000000', '1575884428509'), ('10624', '2CF7F12010700070', '4098', '1', '31.0000000000', '1575884428509'), ('10625', '2CF7F12010700060', '4101', '1', '101314.0000000000', '1575884425854'), ('10626', '2CF7F1201070000D', '4101', '1', '101346.0000000000', '1575884414321'), ('10627', '2CF7F12010700060', '4101', '1', '101314.0000000000', '1575884440527'), ('10628', '2CF7F12010700060', '4101', '1', '101314.0000000000', '1575884440496'), ('10629', '2CF7F12010700041', '4097', '1', '20.0000000000', '1575884536631'), ('10630', '2CF7F12010700041', '4098', '1', '31.0000000000', '1575884536631'), ('10631', '2CF7F1201070003F', '4101', '1', '101337.0000000000', '1575884556600'), ('10632', '2CF7F1201070003F', '4101', '1', '101337.0000000000', '1575884556577'), ('10633', '2CF7F12010700001', '4101', '1', '101293.0000000000', '1575884527260'), ('10634', '2CF7F1201070002A', '4097', '1', '19.0000000000', '1575884512823'), ('10635', '2CF7F1201070002A', '4098', '1', '37.0000000000', '1575884512823'), ('10636', '2CF7F12010700061', '4097', '1', '19.0000000000', '1575884621496'), ('10637', '2CF7F12010700061', '4098', '1', '35.0000000000', '1575884621496'), ('10638', '2CF7F1201070002C', '4097', '1', '19.0000000000', '1575884643580'), ('10639', '2CF7F1201070002C', '4098', '1', '37.0000000000', '1575884643580'), ('10640', '2CF7F12010700029', '4101', '1', '101308.0000000000', '1575884666179'), ('10641', '2CF7F12010700029', '4101', '1', '101308.0000000000', '1575884666185'), ('10642', '2CF7F1201070005D', '4097', '1', '20.0000000000', '1575884679586'), ('10643', '2CF7F1201070005D', '4097', '1', '20.0000000000', '1575884679594'), ('10644', '2CF7F1201070005D', '4098', '1', '31.0000000000', '1575884679594'), ('10645', '2CF7F1201070005D', '4098', '1', '31.0000000000', '1575884679586'), ('10646', '2CF7F12010700028', '4101', '1', '101265.0000000000', '1575884701889'), ('10647', '2CF7F1201070000D', '4101', '1', '101349.0000000000', '1575884715933'), ('10648', '2CF7F12010700070', '4097', '1', '21.0000000000', '1575884732258'), ('10649', '2CF7F12010700070', '4098', '1', '31.0000000000', '1575884732258'), ('10650', '2CF7F12010700060', '4101', '1', '101316.0000000000', '1575884742489'), ('10651', '2CF7F12010700060', '4101', '1', '101316.0000000000', '1575884742481'), ('10652', '2CF7F12010700076', '4097', '1', '19.0000000000', '1575884758569'), ('10653', '2CF7F12010700076', '4098', '1', '35.0000000000', '1575884758569'), ('10654', '2CF7F1201070002A', '4097', '1', '19.0000000000', '1575884817816'), ('10655', '2CF7F1201070002A', '4098', '1', '37.0000000000', '1575884817816'), ('10656', '2CF7F12010700001', '4101', '1', '101299.0000000000', '1575884831298'), ('10657', '2CF7F12010700041', '4097', '1', '21.0000000000', '1575884857353'), ('10658', '2CF7F12010700041', '4098', '1', '31.0000000000', '1575884857353'), ('10659', '2CF7F1201070003F', '4101', '1', '101342.0000000000', '1575884858558'), ('10660', '2CF7F12010700061', '4097', '1', '18.0000000000', '1575884925753'), ('10661', '2CF7F12010700061', '4098', '1', '35.0000000000', '1575884925753'), ('10662', '2CF7F1201070002C', '4097', '1', '19.0000000000', '1575884948582'), ('10663', '2CF7F1201070002C', '4098', '1', '38.0000000000', '1575884948582'), ('10664', '2CF7F12010700029', '4101', '1', '101306.0000000000', '1575884968128'), ('10665', '2CF7F12010700029', '4101', '1', '101306.0000000000', '1575884968774'), ('10666', '2CF7F1201070005D', '4097', '1', '20.0000000000', '1575884981635'), ('10667', '2CF7F1201070005D', '4098', '1', '32.0000000000', '1575884981635'), ('10668', '2CF7F12010700028', '4101', '1', '101267.0000000000', '1575885003822'), ('10669', '2CF7F12010700028', '4101', '1', '101267.0000000000', '1575885003779'), ('10670', '2CF7F1201070000D', '4101', '1', '101348.0000000000', '1575885017563'), ('10671', '2CF7F1201070000D', '4101', '1', '101348.0000000000', '1575885017525'), ('10672', '2CF7F12010700070', '4097', '1', '20.0000000000', '1575885034290'), ('10673', '2CF7F12010700070', '4098', '1', '33.0000000000', '1575885034290'), ('10674', '2CF7F12010700060', '4101', '1', '101318.0000000000', '1575885044426'), ('10675', '2CF7F12010700070', '4098', '1', '33.0000000000', '1575885052836'), ('10676', '2CF7F12010700070', '4097', '1', '20.0000000000', '1575885052836'), ('10677', '2CF7F12010700076', '4097', '1', '19.0000000000', '1575885068176'), ('10678', '2CF7F12010700076', '4098', '1', '36.0000000000', '1575885068176'), ('10679', '2CF7F1201070002A', '4097', '1', '19.0000000000', '1575885122808'), ('10680', '2CF7F1201070002A', '4098', '1', '37.0000000000', '1575885122808'), ('10681', '2CF7F12010700001', '4101', '1', '101302.0000000000', '1575885135330'), ('10682', '2CF7F12010700041', '4098', '1', '33.0000000000', '1575885159609'), ('10683', '2CF7F12010700041', '4097', '1', '21.0000000000', '1575885159609'), ('10684', '2CF7F1201070003F', '4101', '1', '101345.0000000000', '1575885160498'), ('10685', '2CF7F12010700061', '4097', '1', '18.0000000000', '1575885229850'), ('10686', '2CF7F12010700061', '4098', '1', '35.0000000000', '1575885229850'), ('10687', '2CF7F1201070002C', '4097', '1', '18.0000000000', '1575885253576'), ('10688', '2CF7F1201070002C', '4098', '1', '39.0000000000', '1575885253576'), ('10689', '2CF7F12010700029', '4101', '1', '101317.0000000000', '1575885270612'), ('10690', '2CF7F1201070005D', '4097', '1', '20.0000000000', '1575885283656'), ('10691', '2CF7F1201070005D', '4098', '1', '32.0000000000', '1575885283656'), ('10692', '2CF7F12010700028', '4101', '1', '101274.0000000000', '1575885305762'), ('10693', '2CF7F1201070000D', '4101', '1', '101358.0000000000', '1575885319194'), ('10694', '2CF7F12010700060', '4101', '1', '101330.0000000000', '1575885346405'), ('10695', '2CF7F12010700070', '4097', '1', '20.0000000000', '1575885354861'), ('10696', '2CF7F12010700070', '4098', '1', '33.0000000000', '1575885354861'), ('10697', '2CF7F12010700076', '4097', '1', '18.0000000000', '1575885373335'), ('10698', '2CF7F12010700076', '4098', '1', '37.0000000000', '1575885373335'), ('10699', '2CF7F1201070002A', '4097', '1', '19.0000000000', '1575885427797'), ('10700', '2CF7F1201070002A', '4098', '1', '38.0000000000', '1575885427797'), ('10701', '2CF7F12010700001', '4101', '1', '101313.0000000000', '1575885439367'), ('10702', '2CF7F12010700041', '4097', '1', '21.0000000000', '1575885460754'), ('10703', '2CF7F12010700041', '4098', '1', '32.0000000000', '1575885460754'), ('10704', '2CF7F1201070003F', '4101', '1', '101355.0000000000', '1575885462438'), ('10705', '2CF7F12010700061', '4097', '1', '18.0000000000', '1575885534881'), ('10706', '2CF7F12010700061', '4098', '1', '37.0000000000', '1575885534881'), ('10707', '2CF7F1201070002C', '4097', '1', '18.0000000000', '1575885558552'), ('10708', '2CF7F1201070002C', '4098', '1', '40.0000000000', '1575885558552'), ('10709', '2CF7F12010700029', '4101', '1', '101327.0000000000', '1575885572400'), ('10710', '2CF7F1201070005D', '4098', '1', '33.0000000000', '1575885585768'), ('10711', '2CF7F1201070005D', '4097', '1', '20.0000000000', '1575885585768'), ('10712', '2CF7F12010700028', '4101', '1', '101284.0000000000', '1575885607696'), ('10713', '2CF7F1201070000D', '4101', '1', '101366.0000000000', '1575885620813'), ('10714', '2CF7F12010700060', '4101', '1', '101337.0000000000', '1575885648338'), ('10715', '2CF7F12010700070', '4097', '1', '20.0000000000', '1575885656980'), ('10716', '2CF7F12010700070', '4098', '1', '34.0000000000', '1575885656980'), ('10717', '2CF7F15000100124', '4097', '1', '22.0000000000', '1575883403000'), ('10718', '2CF7F15000100124', '4098', '1', '36.0000000000', '1575883403000'), ('10719', '2CF7F15000100138', '4101', '1', '101268.0000000000', '1575883410000'), ('10720', '2CF7F15000100124', '4097', '1', '22.0000000000', '1575883710000'), ('10721', '2CF7F15000100124', '4098', '1', '37.0000000000', '1575883710000'), ('10722', '2CF7F15000100138', '4101', '1', '101273.0000000000', '1575883716000'), ('10723', '2CF7F15000100124', '4097', '1', '22.0000000000', '1575884017000'), ('10724', '2CF7F15000100124', '4098', '1', '37.0000000000', '1575884017000'), ('10725', '2CF7F12210400023', '4099', '1', '0.0000000000', '1575884022857'), ('10726', '2CF7F15000100138', '4101', '1', '101280.0000000000', '1575884023000'), ('10727', '2CF7F15000100124', '4097', '1', '22.0000000000', '1575884324000'), ('10728', '2CF7F15000100124', '4098', '1', '37.0000000000', '1575884324000'), ('10729', '2CF7F15000100138', '4101', '1', '101277.0000000000', '1575884330000'), ('10730', '2CF7F12210400082', '4101', '1', '101290.0000000000', '1575884464334'), ('10731', '2CF7F15000100138', '4101', '1', '101280.0000000000', '1575884636000'), ('10732', '2CF7F15000100124', '4097', '1', '22.0000000000', '1575884631000'), ('10733', '2CF7F15000100124', '4098', '1', '37.0000000000', '1575884631000'), ('10734', '2CF7F15000100138', '4101', '1', '101279.0000000000', '1575884942000'), ('10735', '2CF7F15000100124', '4097', '1', '22.0000000000', '1575884939000'), ('10736', '2CF7F15000100124', '4098', '1', '37.0000000000', '1575884939000'), ('10737', '2CF7F12210400046', '4097', '1', '22.0000000000', '1575885018765'), ('10738', '2CF7F12210400046', '4098', '1', '35.0000000000', '1575885018765'), ('10739', '2CF7F15000100124', '4097', '1', '22.0000000000', '1575885246000'), ('10740', '2CF7F15000100124', '4098', '1', '37.0000000000', '1575885246000'), ('10741', '2CF7F15000100138', '4101', '1', '101289.0000000000', '1575885249000'), ('10742', '2CF7F15000100124', '4097', '1', '22.0000000000', '1575885553000'), ('10743', '2CF7F15000100124', '4098', '1', '38.0000000000', '1575885553000'), ('10744', '2CF7F15000100138', '4101', '1', '101295.0000000000', '1575885555000'), ('10745', '2CF7F15000100124', '4097', '1', '22.0000000000', '1575885860000'), ('10746', '2CF7F15000100138', '4101', '1', '101301.0000000000', '1575885861000'), ('10747', '2CF7F15000100124', '4098', '1', '38.0000000000', '1575885860000'), ('10748', '2CF7F15000100138', '4101', '1', '101301.0000000000', '1575886168000'), ('10749', '2CF7F15000100124', '4097', '1', '21.0000000000', '1575939781000'), ('10750', '2CF7F15000100124', '4098', '1', '44.0000000000', '1575939781000'), ('10751', '2CF7F15000100138', '4101', '1', '101431.0000000000', '1575939871000'), ('10752', '2CF7F12010700074', '4099', '1', '112.3200000000', '1575939885338'), ('10753', '2CF7F15000100124', '4097', '1', '21.0000000000', '1575940088000'), ('10754', '2CF7F15000100124', '4098', '1', '44.0000000000', '1575940088000'), ('10755', '2CF7F15000100138', '4101', '1', '101425.0000000000', '1575940178000'), ('10756', '2CF7F12010700074', '4099', '1', '125.2800000000', '1575940187279'), ('10757', '2CF7F15000100124', '4097', '1', '21.0000000000', '1575940396000'), ('10758', '2CF7F15000100124', '4098', '1', '44.0000000000', '1575940396000'), ('10759', '2CF7F15000100138', '4101', '1', '101431.0000000000', '1575940484000'), ('10760', '2CF7F12010700074', '4099', '1', '146.8800000000', '1575940489255'), ('10761', '2CF7F1201070005B', '4110', '1', '55.1000000000', '1575940604621'), ('10762', '2CF7F1201070005B', '4111', '1', '0.3000000000', '1575940604621'), ('10763', '2CF7F1201070005B', '4112', '1', '14.7000000000', '1575940604621'), ('10764', '2CF7F15000100124', '4097', '1', '21.0000000000', '1575940703000'), ('10765', '2CF7F15000100124', '4098', '1', '44.0000000000', '1575940703000'), ('10766', '2CF7F1201070003B', '4107', '1', '0.0000000000', '1575940763198'), ('10767', '2CF7F12010700063', '4102', '1', '15.0000000000', '1575940779532'), ('10768', '2CF7F12010700063', '4103', '1', '58.1000000000', '1575940779532'), ('10769', '2CF7F12010700074', '4099', '1', '116.6400000000', '1575940791181'), ('10770', '2CF7F15000100138', '4101', '1', '101440.0000000000', '1575940790000'), ('10771', '2CF7F12010700063', '4102', '1', '15.0000000000', '1575940798784'), ('10772', '2CF7F12010700063', '4103', '1', '58.1000000000', '1575940798784'), ('10773', '2CF7F1201070001C', '4110', '1', '45.8000000000', '1575940892259'), ('10774', '2CF7F1201070001C', '4112', '1', '15.2000000000', '1575940892259'), ('10775', '2CF7F1201070001C', '4111', '1', '0.1800000000', '1575940892259'), ('10776', '2CF7F12010700073', '4107', '1', '0.0000000000', '1575940937719'), ('10777', '2CF7F15000100124', '4098', '1', '44.0000000000', '1575941010000'), ('10778', '2CF7F15000100124', '4097', '1', '21.0000000000', '1575941010000'), ('10779', '2CF7F1201070002E', '4097', '1', '22.0000000000', '1575941017913'), ('10780', '2CF7F1201070002E', '4098', '1', '43.0000000000', '1575941017913'), ('10781', '2CF7F1201070002E', '4097', '1', '22.0000000000', '1575941032771'), ('10782', '2CF7F1201070002E', '4098', '1', '43.0000000000', '1575941032771'), ('10783', '2CF7F1201070002E', '4097', '1', '22.0000000000', '1575941044734'), ('10784', '2CF7F1201070002E', '4098', '1', '43.0000000000', '1575941044734'), ('10785', '2CF7F12010700074', '4099', '1', '120.9600000000', '1575941093121'), ('10786', '2CF7F15000100138', '4101', '1', '101444.0000000000', '1575941097000'), ('10787', '2CF7F12010700074', '4099', '1', '120.9600000000', '1575941131140'), ('10788', '2CF7F12010700074', '4099', '1', '120.9600000000', '1575941162266'), ('10789', '2CF7F12010700074', '4099', '1', '120.9600000000', '1575941179432'), ('10790', '2CF7F15000100124', '4097', '1', '21.0000000000', '1575941317000'), ('10791', '2CF7F15000100124', '4098', '1', '44.0000000000', '1575941317000'), ('10792', '2CF7F15000100138', '4101', '1', '101445.0000000000', '1575941403000'), ('10793', '2CF7F12010700074', '4099', '1', '120.9600000000', '1575941489171'), ('10794', '2CF7F15000100124', '4097', '1', '21.0000000000', '1575941624000'), ('10795', '2CF7F15000100124', '4098', '1', '44.0000000000', '1575941624000'), ('10796', '2CF7F15000100138', '4101', '1', '101442.0000000000', '1575941709000'), ('10797', '2CF7F12210400023', '4099', '1', '0.0000000000', '1575941786604'), ('10798', '2CF7F12010700074', '4099', '1', '120.9600000000', '1575941791495'), ('10799', '2CF7F15000100124', '4097', '1', '21.0000000000', '1575941931000'), ('10800', '2CF7F15000100124', '4098', '1', '44.0000000000', '1575941931000'), ('10801', '2CF7F15000100138', '4101', '1', '101449.0000000000', '1575942016000'), ('10802', '2CF7F15000100124', '4097', '1', '21.0000000000', '1575942239000'), ('10803', '2CF7F15000100124', '4098', '1', '44.0000000000', '1575942239000'), ('10804', '2CF7F12210400082', '4101', '1', '101444.0000000000', '1575942275495'), ('10805', '2CF7F12210400082', '4101', '1', '101444.0000000000', '1575942293392'), ('10806', '2CF7F15000100138', '4101', '1', '101446.0000000000', '1575942322000'), ('10807', '2CF7F15000100124', '4097', '1', '21.0000000000', '1575942546000'), ('10808', '2CF7F15000100124', '4098', '1', '44.0000000000', '1575942546000'), ('10809', '2CF7F15000100138', '4101', '1', '101446.0000000000', '1575942628000'), ('10810', '2CF7F12210400046', '4097', '1', '21.0000000000', '1575942773546'), ('10811', '2CF7F12210400046', '4098', '1', '41.0000000000', '1575942773546'), ('10812', '2CF7F15000100124', '4097', '1', '21.0000000000', '1575942853000'), ('10813', '2CF7F15000100124', '4098', '1', '44.0000000000', '1575942853000'), ('10814', '2CF7F15000100138', '4101', '1', '101445.0000000000', '1575942935000'), ('10815', '2CF7F15000100124', '4097', '1', '21.0000000000', '1575943162000'), ('10816', '2CF7F15000100124', '4098', '1', '44.0000000000', '1575943162000'), ('10817', '2CF7F15000100138', '4101', '1', '101447.0000000000', '1575943241000'), ('10818', '2CF7F15000100124', '4097', '1', '21.0000000000', '1575943469000'), ('10819', '2CF7F15000100124', '4098', '1', '44.0000000000', '1575943469000'), ('10820', '2CF7F15000100138', '4101', '1', '101445.0000000000', '1575943547000'), ('10821', '2CF7F15000100124', '4097', '1', '21.0000000000', '1575943777000'), ('10822', '2CF7F15000100124', '4098', '1', '44.0000000000', '1575943777000'), ('10823', '2CF7F15000100138', '4101', '1', '101453.0000000000', '1575943854000'), ('10824', '2CF7F1201070005B', '4110', '1', '54.4000000000', '1575944039924'), ('10825', '2CF7F1201070005B', '4112', '1', '15.2000000000', '1575944039924'), ('10826', '2CF7F1201070005B', '4111', '1', '0.2800000000', '1575944039924'), ('10827', '2CF7F15000100124', '4097', '1', '21.0000000000', '1575944084000'), ('10828', '2CF7F15000100124', '4098', '1', '44.0000000000', '1575944084000'), ('10829', '2CF7F15000100138', '4101', '1', '101444.0000000000', '1575944160000'), ('10830', '2CF7F1201070003B', '4107', '1', '0.0000000000', '1575944365287'), ('10831', '2CF7F1201070005B', '4111', '1', '0.0100000000', '1575944369308'), ('10832', '2CF7F1201070005B', '4110', '1', '0.0000000000', '1575944369308'), ('10833', '2CF7F1201070005B', '4112', '1', '15.2000000000', '1575944369308'), ('10834', '2CF7F1201070003B', '4107', '1', '0.0000000000', '1575944380263'), ('10835', '2CF7F15000100124', '4097', '1', '21.0000000000', '1575944391000'), ('10836', '2CF7F15000100124', '4098', '1', '44.0000000000', '1575944391000'), ('10837', '2CF7F15000100138', '4101', '1', '101444.0000000000', '1575944466000'), ('10838', '2CF7F12010700073', '4107', '1', '0.0000000000', '1575944539870'), ('10839', '2CF7F1201070002E', '4098', '1', '41.0000000000', '1575944653854'), ('10840', '2CF7F1201070002E', '4097', '1', '22.0000000000', '1575944653854'), ('10841', '2CF7F1201070005B', '4110', '1', '51.6000000000', '1575944674313'), ('10842', '2CF7F1201070005B', '4111', '1', '0.1600000000', '1575944674313'), ('10843', '2CF7F1201070005B', '4112', '1', '16.0000000000', '1575944674313'), ('10844', '2CF7F1201070005B', '4110', '1', '51.6000000000', '1575944688447'), ('10845', '2CF7F1201070005B', '4112', '1', '16.0000000000', '1575944688447'), ('10846', '2CF7F1201070005B', '4111', '1', '0.1600000000', '1575944688447'), ('10847', '2CF7F15000100124', '4097', '1', '21.0000000000', '1575944698000'), ('10848', '2CF7F15000100124', '4098', '1', '44.0000000000', '1575944698000'), ('10849', '2CF7F1201070005B', '4110', '1', '51.6000000000', '1575944705642'), ('10850', '2CF7F1201070005B', '4111', '1', '0.1600000000', '1575944705642'), ('10851', '2CF7F1201070005B', '4112', '1', '16.0000000000', '1575944705642'), ('10852', '2CF7F15000100138', '4101', '1', '101439.0000000000', '1575944773000'), ('10853', '2CF7F1201070001C', '4110', '1', '50.6000000000', '1575944979113'), ('10854', '2CF7F1201070001C', '4112', '1', '16.6000000000', '1575944979113'), ('10855', '2CF7F1201070001C', '4111', '1', '0.1600000000', '1575944979113'), ('10856', '2CF7F1201070001C', '4110', '1', '50.6000000000', '1575944996933'), ('10857', '2CF7F1201070001C', '4111', '1', '0.1600000000', '1575944996933'), ('10858', '2CF7F1201070001C', '4112', '1', '16.6000000000', '1575944996933'), ('10859', '2CF7F15000100124', '4097', '1', '21.0000000000', '1575945006000'), ('10860', '2CF7F15000100124', '4098', '1', '43.0000000000', '1575945006000'), ('10861', '2CF7F15000100138', '4101', '1', '101433.0000000000', '1575945079000'), ('10862', '2CF7F12010700063', '4102', '1', '0.0000000000', '1575945255977'), ('10863', '2CF7F12010700063', '4103', '1', '0.0000000000', '1575945255977'), ('10864', '2CF7F15000100124', '4097', '1', '22.0000000000', '1575945313000'), ('10865', '2CF7F15000100124', '4098', '1', '43.0000000000', '1575945313000'), ('10866', '2CF7F1201070001C', '4110', '1', '50.5000000000', '1575945321583'), ('10867', '2CF7F1201070001C', '4112', '1', '16.5000000000', '1575945321583'), ('10868', '2CF7F1201070001C', '4111', '1', '0.1600000000', '1575945321583'), ('10869', '2CF7F15000100138', '4101', '1', '101429.0000000000', '1575945385000'), ('10870', '2CF7F12210400023', '4099', '1', '0.0000000000', '1575945391469'), ('10871', '2CF7F15000100124', '4097', '1', '22.0000000000', '1575945620000'), ('10872', '2CF7F15000100124', '4098', '1', '43.0000000000', '1575945620000'), ('10873', '2CF7F1201070001C', '4110', '1', '49.9000000000', '1575945628806'), ('10874', '2CF7F1201070001C', '4112', '1', '16.5000000000', '1575945628806'), ('10875', '2CF7F1201070001C', '4111', '1', '0.1200000000', '1575945628806'), ('10876', '2CF7F15000100138', '4101', '1', '101424.0000000000', '1575945692000'), ('10877', '2CF7F12210400082', '4101', '1', '101423.0000000000', '1575945898395'), ('10878', '2CF7F12210400082', '4101', '1', '101423.0000000000', '1575945911956'), ('10879', '2CF7F12210400082', '4101', '1', '101423.0000000000', '1575945927411'), ('10880', '2CF7F15000100124', '4098', '1', '43.0000000000', '1575945927000'), ('10881', '2CF7F15000100124', '4097', '1', '22.0000000000', '1575945927000'), ('10882', '2CF7F1201070001C', '4110', '1', '49.8000000000', '1575945936186'), ('10883', '2CF7F1201070001C', '4112', '1', '16.5000000000', '1575945936186'), ('10884', '2CF7F1201070001C', '4111', '1', '0.1200000000', '1575945936186'), ('10885', '2CF7F15000100138', '4101', '1', '101420.0000000000', '1575945998000'), ('10886', '2CF7F15000100124', '4097', '1', '22.0000000000', '1575946234000'), ('10887', '2CF7F15000100124', '4098', '1', '43.0000000000', '1575946234000'), ('10888', '2CF7F1201070005B', '4110', '1', '52.1000000000', '1575946242748'), ('10889', '2CF7F1201070005B', '4111', '1', '0.1600000000', '1575946242748'), ('10890', '2CF7F1201070001C', '4110', '1', '49.8000000000', '1575946243405'), ('10891', '2CF7F1201070001C', '4112', '1', '16.6000000000', '1575946243405'), ('10892', '2CF7F1201070005B', '4112', '1', '16.1000000000', '1575946242748'), ('10893', '2CF7F1201070001C', '4111', '1', '0.1200000000', '1575946243405'), ('10894', '2CF7F1201070005B', '4110', '1', '52.1000000000', '1575946255357'), ('10895', '2CF7F1201070005B', '4111', '1', '0.1600000000', '1575946255357'), ('10896', '2CF7F1201070005B', '4112', '1', '16.1000000000', '1575946255357'), ('10897', '2CF7F1201070005B', '4110', '1', '52.1000000000', '1575946265984'), ('10898', '2CF7F1201070005B', '4111', '1', '0.1600000000', '1575946265984'), ('10899', '2CF7F1201070005B', '4112', '1', '16.1000000000', '1575946265984'), ('10900', '2CF7F1201070001C', '4110', '1', '49.8000000000', '1575946278364'), ('10901', '2CF7F1201070001C', '4112', '1', '16.6000000000', '1575946278364'), ('10902', '2CF7F1201070001C', '4111', '1', '0.1200000000', '1575946278364'), ('10903', '2CF7F15000100138', '4101', '1', '101402.0000000000', '1575946304000'), ('10904', '2CF7F12210400046', '4097', '1', '21.0000000000', '1575946378168'), ('10905', '2CF7F12210400046', '4098', '1', '41.0000000000', '1575946378168'), ('10906', '2CF7F12210400046', '4097', '1', '21.0000000000', '1575946378154'), ('10907', '2CF7F12210400046', '4098', '1', '41.0000000000', '1575946378154'), ('10908', '2CF7F15000100124', '4098', '1', '43.0000000000', '1575946541000'), ('10909', '2CF7F15000100124', '4097', '1', '22.0000000000', '1575946541000'), ('10910', '2CF7F1201070001C', '4110', '1', '49.8000000000', '1575946585263'), ('10911', '2CF7F1201070001C', '4111', '1', '0.1200000000', '1575946585263'), ('10912', '2CF7F1201070001C', '4112', '1', '16.6000000000', '1575946585263'), ('10913', '2CF7F1201070005B', '4110', '1', '52.1000000000', '1575946601431'), ('10914', '2CF7F1201070005B', '4112', '1', '16.2000000000', '1575946601431'), ('10915', '2CF7F1201070005B', '4111', '1', '0.1600000000', '1575946601431'), ('10916', '2CF7F15000100138', '4101', '1', '101397.0000000000', '1575946611000'), ('10917', '2CF7F12010700063', '4102', '1', '15.6500000000', '1575946622364'), ('10918', '2CF7F12010700063', '4103', '1', '76.4000000000', '1575946622364'), ('10919', '2CF7F12010700063', '4102', '1', '15.6500000000', '1575946634842'), ('10920', '2CF7F12010700063', '4103', '1', '76.4000000000', '1575946634842'), ('10921', '2CF7F15000100124', '4097', '1', '22.0000000000', '1575946849000'), ('10922', '2CF7F15000100124', '4098', '1', '43.0000000000', '1575946849000'), ('10923', '2CF7F1201070005B', '4110', '1', '52.1000000000', '1575946908153'), ('10924', '2CF7F1201070005B', '4111', '1', '0.1600000000', '1575946908153'), ('10925', '2CF7F1201070005B', '4112', '1', '16.2000000000', '1575946908153'), ('10926', '2CF7F15000100138', '4101', '1', '101390.0000000000', '1575946917000'), ('10927', '2CF7F1201070005B', '4110', '1', '52.1000000000', '1575946925488'), ('10928', '2CF7F1201070005B', '4111', '1', '0.1600000000', '1575946925488'), ('10929', '2CF7F1201070005B', '4112', '1', '16.2000000000', '1575946925488'), ('10930', '2CF7F1201070001C', '4111', '1', '0.1200000000', '1575946927921'), ('10931', '2CF7F1201070001C', '4110', '1', '49.8000000000', '1575946927921'), ('10932', '2CF7F1201070001C', '4112', '1', '16.7000000000', '1575946927921'), ('10933', '2CF7F12010700063', '4102', '1', '15.7500000000', '1575946937742'), ('10934', '2CF7F12010700063', '4103', '1', '76.2500000000', '1575946937742'), ('10935', '2CF7F1201070005B', '4112', '1', '16.2000000000', '1575946938658'), ('10936', '2CF7F1201070005B', '4111', '1', '0.1600000000', '1575946938658'), ('10937', '2CF7F1201070005B', '4110', '1', '52.1000000000', '1575946938658'), ('10938', '2CF7F1201070001C', '4110', '1', '49.8000000000', '1575946946120'), ('10939', '2CF7F1201070001C', '4111', '1', '0.1200000000', '1575946946120'), ('10940', '2CF7F1201070001C', '4112', '1', '16.7000000000', '1575946946120'), ('10941', '2CF7F12010700063', '4102', '1', '15.7500000000', '1575946951682'), ('10942', '2CF7F12010700063', '4103', '1', '76.2500000000', '1575946951682'), ('10943', '2CF7F12010700063', '4102', '1', '15.7500000000', '1575946968415'), ('10944', '2CF7F12010700063', '4103', '1', '76.2500000000', '1575946968415'), ('10945', '2CF7F15000100124', '4097', '1', '22.0000000000', '1575947156000'), ('10946', '2CF7F15000100124', '4098', '1', '43.0000000000', '1575947156000'), ('10947', '2CF7F15000100138', '4101', '1', '101386.0000000000', '1575947223000'), ('10948', '2CF7F1201070005B', '4110', '1', '52.0000000000', '1575947251893'), ('10949', '2CF7F1201070005B', '4111', '1', '0.1600000000', '1575947251893'), ('10950', '2CF7F1201070005B', '4112', '1', '16.3000000000', '1575947251893'), ('10951', '2CF7F1201070001C', '4110', '1', '49.8000000000', '1575947253344'), ('10952', '2CF7F1201070001C', '4111', '1', '0.1200000000', '1575947253344'), ('10953', '2CF7F1201070001C', '4112', '1', '16.7000000000', '1575947253344'), ('10954', '2CF7F12010700063', '4102', '1', '15.7000000000', '1575947289806'), ('10955', '2CF7F12010700063', '4103', '1', '76.3500000000', '1575947289806'), ('10956', '2CF7F15000100124', '4097', '1', '22.0000000000', '1575947463000'), ('10957', '2CF7F15000100124', '4098', '1', '43.0000000000', '1575947463000'), ('10958', '2CF7F15000100138', '4101', '1', '101378.0000000000', '1575947530000'), ('10959', '2CF7F1201070005B', '4110', '1', '52.1000000000', '1575947556130'), ('10960', '2CF7F1201070005B', '4112', '1', '16.3000000000', '1575947556130'), ('10961', '2CF7F1201070005B', '4111', '1', '0.1500000000', '1575947556130'), ('10962', '2CF7F1201070001C', '4110', '1', '49.8000000000', '1575947579308'), ('10963', '2CF7F1201070001C', '4112', '1', '16.7000000000', '1575947579308'), ('10964', '2CF7F1201070001C', '4111', '1', '0.1200000000', '1575947579308'), ('10965', '2CF7F1201070005B', '4110', '1', '52.1000000000', '1575947587419'), ('10966', '2CF7F1201070005B', '4111', '1', '0.1500000000', '1575947587419'), ('10967', '2CF7F1201070005B', '4112', '1', '16.3000000000', '1575947587419'), ('10968', '2CF7F12010700063', '4102', '1', '15.7500000000', '1575947592704'), ('10969', '2CF7F12010700063', '4103', '1', '76.3000000000', '1575947592704'), ('10970', '2CF7F12010700063', '4102', '1', '15.7500000000', '1575947626528'), ('10971', '2CF7F12010700063', '4103', '1', '76.3000000000', '1575947626528'), ('10972', '2CF7F15000100124', '4097', '1', '22.0000000000', '1575947770000'), ('10973', '2CF7F15000100124', '4098', '1', '43.0000000000', '1575947770000'), ('10974', '2CF7F15000100138', '4101', '1', '101364.0000000000', '1575947837000'), ('10975', '2CF7F1201070001C', '4110', '1', '49.8000000000', '1575947885123'), ('10976', '2CF7F1201070001C', '4112', '1', '16.8000000000', '1575947885123'), ('10977', '2CF7F1201070001C', '4111', '1', '0.1200000000', '1575947885123'), ('10978', '2CF7F1201070005B', '4110', '1', '51.9000000000', '1575947892471'), ('10979', '2CF7F1201070005B', '4112', '1', '16.4000000000', '1575947892471'), ('10980', '2CF7F1201070005B', '4111', '1', '0.1500000000', '1575947892471'), ('10981', '2CF7F1201070001C', '4110', '1', '49.8000000000', '1575947901741'), ('10982', '2CF7F1201070001C', '4112', '1', '16.8000000000', '1575947901741'), ('10983', '2CF7F1201070001C', '4111', '1', '0.1200000000', '1575947901741'), ('10984', '2CF7F1201070001C', '4110', '1', '49.8000000000', '1575947914676'), ('10985', '2CF7F1201070001C', '4112', '1', '16.8000000000', '1575947914676'), ('10986', '2CF7F1201070001C', '4111', '1', '0.1200000000', '1575947914676'), ('10987', '2CF7F12010700063', '4102', '1', '15.7000000000', '1575947933359'), ('10988', '2CF7F12010700063', '4103', '1', '76.2500000000', '1575947933359'), ('10989', '2CF7F1201070003B', '4107', '1', '0.0000000000', '1575947982141'), ('10990', '2CF7F15000100124', '4097', '1', '22.0000000000', '1575948077000'), ('10991', '2CF7F15000100124', '4098', '1', '43.0000000000', '1575948077000'), ('10992', '2CF7F15000100138', '4101', '1', '101367.0000000000', '1575948143000'), ('10993', '2CF7F12010700073', '4107', '1', '0.0000000000', '1575948186972'), ('10994', '2CF7F1201070005B', '4110', '1', '52.1000000000', '1575948197473'), ('10995', '2CF7F1201070005B', '4111', '1', '0.1600000000', '1575948197473'), ('10996', '2CF7F1201070005B', '4112', '1', '16.4000000000', '1575948197473'), ('10997', '2CF7F1201070001C', '4110', '1', '49.8000000000', '1575948219127'), ('10998', '2CF7F1201070001C', '4112', '1', '16.8000000000', '1575948219127'), ('10999', '2CF7F1201070001C', '4111', '1', '0.1200000000', '1575948219127'), ('11000', '2CF7F12010700063', '4102', '1', '15.7500000000', '1575948236269'), ('11001', '2CF7F12010700063', '4103', '1', '76.3500000000', '1575948236269'), ('11002', '2CF7F1201070001C', '4110', '1', '49.8000000000', '1575948253320'), ('11003', '2CF7F1201070001C', '4112', '1', '16.8000000000', '1575948253320'), ('11004', '2CF7F1201070001C', '4111', '1', '0.1200000000', '1575948253320'), ('11005', '2CF7F1201070002E', '4097', '1', '22.0000000000', '1575948257813'), ('11006', '2CF7F1201070002E', '4098', '1', '40.0000000000', '1575948257764'), ('11007', '2CF7F1201070002E', '4098', '1', '40.0000000000', '1575948257813'), ('11008', '2CF7F1201070002E', '4097', '1', '22.0000000000', '1575948257764'), ('11009', '2CF7F1201070002E', '4097', '1', '22.0000000000', '1575948277691'), ('11010', '2CF7F1201070002E', '4098', '1', '40.0000000000', '1575948277691'), ('11011', '2CF7F15000100124', '4098', '1', '43.0000000000', '1575948385000'), ('11012', '2CF7F15000100124', '4097', '1', '22.0000000000', '1575948385000'), ('11013', '2CF7F15000100138', '4101', '1', '101349.0000000000', '1575948449000'), ('11014', '2CF7F1201070005B', '4110', '1', '51.9000000000', '1575948502473'), ('11015', '2CF7F1201070005B', '4112', '1', '16.5000000000', '1575948502473'), ('11016', '2CF7F1201070005B', '4111', '1', '0.1500000000', '1575948502473'), ('11017', '2CF7F1201070005B', '4110', '1', '51.9000000000', '1575948514991'), ('11018', '2CF7F1201070005B', '4112', '1', '16.5000000000', '1575948514991'), ('11019', '2CF7F1201070005B', '4111', '1', '0.1500000000', '1575948514991'), ('11020', '2CF7F12010700063', '4103', '1', '76.3500000000', '1575948539170'), ('11021', '2CF7F12010700063', '4102', '1', '15.8000000000', '1575948539170'), ('11022', '2CF7F12010700063', '4102', '1', '15.8000000000', '1575948553422'), ('11023', '2CF7F12010700063', '4103', '1', '76.3500000000', '1575948553422'), ('11024', '2CF7F1201070001C', '4110', '1', '49.8000000000', '1575948561721'), ('11025', '2CF7F1201070001C', '4112', '1', '16.9000000000', '1575948561721'), ('11026', '2CF7F1201070001C', '4111', '1', '0.1200000000', '1575948561721'), ('11027', '2CF7F12010700063', '4102', '1', '15.8000000000', '1575948565822'), ('11028', '2CF7F12010700063', '4103', '1', '76.3500000000', '1575948565822'), ('11029', '2CF7F15000100124', '4097', '1', '22.0000000000', '1575948692000'), ('11030', '2CF7F15000100124', '4098', '1', '43.0000000000', '1575948692000'), ('11031', '2CF7F15000100138', '4101', '1', '101345.0000000000', '1575948756000'), ('11032', '2CF7F1201070005B', '4110', '1', '52.1000000000', '1575948821720'), ('11033', '2CF7F1201070005B', '4112', '1', '16.6000000000', '1575948821720'), ('11034', '2CF7F1201070005B', '4111', '1', '0.1500000000', '1575948821720'), ('11035', '2CF7F1201070005B', '4110', '1', '52.1000000000', '1575948834460'), ('11036', '2CF7F1201070005B', '4112', '1', '16.6000000000', '1575948834460'), ('11037', '2CF7F1201070005B', '4111', '1', '0.1500000000', '1575948834460'), ('11038', '2CF7F1201070001C', '4110', '1', '49.8000000000', '1575948868935'), ('11039', '2CF7F1201070001C', '4112', '1', '17.0000000000', '1575948868935'), ('11040', '2CF7F1201070001C', '4111', '1', '0.1200000000', '1575948868935'), ('11041', '2CF7F12010700063', '4102', '1', '15.8000000000', '1575948876885'), ('11042', '2CF7F12010700063', '4103', '1', '76.3500000000', '1575948876885'), ('11043', '2CF7F1201070001C', '4111', '1', '0.1200000000', '1575948885597'), ('11044', '2CF7F1201070001C', '4110', '1', '49.8000000000', '1575948885597'), ('11045', '2CF7F1201070001C', '4112', '1', '17.0000000000', '1575948885597'), ('11046', '2CF7F12010700063', '4102', '1', '15.8000000000', '1575948894287'), ('11047', '2CF7F12010700063', '4103', '1', '76.3500000000', '1575948894287'), ('11048', '2CF7F12010700063', '4102', '1', '15.8000000000', '1575948906202'), ('11049', '2CF7F12010700063', '4103', '1', '76.3500000000', '1575948906202'), ('11050', '2CF7F12210400023', '4099', '1', '0.0000000000', '1575948996361'), ('11051', '2CF7F15000100124', '4097', '1', '22.0000000000', '1575948999000'), ('11052', '2CF7F15000100124', '4098', '1', '43.0000000000', '1575948999000'), ('11053', '2CF7F15000100138', '4101', '1', '101341.0000000000', '1575949062000'), ('11054', '2CF7F1201070005B', '4111', '1', '0.1500000000', '1575949139456'), ('11055', '2CF7F1201070005B', '4110', '1', '52.1000000000', '1575949139456'), ('11056', '2CF7F1201070005B', '4112', '1', '16.6000000000', '1575949139456'), ('11057', '2CF7F1201070005B', '4110', '1', '52.1000000000', '1575949156457'), ('11058', '2CF7F1201070005B', '4111', '1', '0.1500000000', '1575949156457'), ('11059', '2CF7F1201070005B', '4112', '1', '16.6000000000', '1575949156457'), ('11060', '2CF7F1201070001C', '4110', '1', '49.8000000000', '1575949192830'), ('11061', '2CF7F1201070001C', '4112', '1', '17.0000000000', '1575949192830'), ('11062', '2CF7F1201070001C', '4111', '1', '0.1200000000', '1575949192830'), ('11063', '2CF7F12010700063', '4102', '1', '15.8000000000', '1575949215849'), ('11064', '2CF7F12010700063', '4103', '1', '76.3500000000', '1575949215849'), ('11065', '2CF7F15000100124', '4098', '1', '43.0000000000', '1575949306000'), ('11066', '2CF7F15000100124', '4097', '1', '22.0000000000', '1575949306000'), ('11067', '2CF7F15000100138', '4101', '1', '101335.0000000000', '1575949368000'), ('11068', '2CF7F1201070005B', '4110', '1', '52.0000000000', '1575949461457'), ('11069', '2CF7F1201070005B', '4112', '1', '16.7000000000', '1575949461457'), ('11070', '2CF7F1201070005B', '4111', '1', '0.1500000000', '1575949461457'), ('11071', '2CF7F1201070001C', '4110', '1', '49.8000000000', '1575949500884'), ('11072', '2CF7F1201070001C', '4111', '1', '0.1200000000', '1575949500884'), ('11073', '2CF7F1201070001C', '4112', '1', '17.1000000000', '1575949500884'), ('11074', '2CF7F1201070001C', '4110', '1', '49.8000000000', '1575949517506'), ('11075', '2CF7F1201070001C', '4111', '1', '0.1200000000', '1575949517506'), ('11076', '2CF7F1201070001C', '4112', '1', '17.1000000000', '1575949517506'), ('11077', '2CF7F1201070001C', '4110', '1', '49.8000000000', '1575949517439'), ('11078', '2CF7F1201070001C', '4112', '1', '17.1000000000', '1575949517439'), ('11079', '2CF7F1201070001C', '4111', '1', '0.1200000000', '1575949517439'), ('11080', '2CF7F12010700063', '4102', '1', '15.8500000000', '1575949520482'), ('11081', '2CF7F12010700063', '4103', '1', '76.2500000000', '1575949520482'), ('11082', '2CF7F12210400082', '4101', '1', '101339.0000000000', '1575949535562'), ('11083', '2CF7F1201070001C', '4111', '1', '0.1200000000', '1575949536457'), ('11084', '2CF7F1201070001C', '4110', '1', '49.8000000000', '1575949536457'), ('11085', '2CF7F1201070001C', '4112', '1', '17.1000000000', '1575949536457'), ('11086', '2CF7F12010700063', '4102', '1', '15.8500000000', '1575949538549'), ('11087', '2CF7F12010700063', '4103', '1', '76.2500000000', '1575949538549'), ('11088', '2CF7F12010700063', '4102', '1', '15.8500000000', '1575949552560'), ('11089', '2CF7F12010700063', '4103', '1', '76.2500000000', '1575949552560'), ('11090', '2CF7F15000100124', '4097', '1', '22.0000000000', '1575949613000'), ('11091', '2CF7F15000100124', '4098', '1', '43.0000000000', '1575949613000'), ('11092', '2CF7F15000100138', '4101', '1', '101327.0000000000', '1575949675000'), ('11093', '2CF7F1201070005B', '4110', '1', '52.0000000000', '1575949766492'), ('11094', '2CF7F1201070005B', '4112', '1', '16.7000000000', '1575949766492'), ('11095', '2CF7F1201070005B', '4111', '1', '0.1600000000', '1575949766492'), ('11096', '2CF7F1201070005B', '4110', '1', '52.0000000000', '1575949766458'), ('11097', '2CF7F1201070005B', '4111', '1', '0.1600000000', '1575949766458'), ('11098', '2CF7F1201070005B', '4112', '1', '16.7000000000', '1575949766458'), ('11099', '2CF7F1201070005B', '4110', '1', '52.0000000000', '1575949777560'), ('11100', '2CF7F1201070005B', '4111', '1', '0.1600000000', '1575949777560'), ('11101', '2CF7F1201070005B', '4112', '1', '16.7000000000', '1575949777560'), ('11102', '2CF7F1201070005B', '4112', '1', '16.7000000000', '1575949791351'), ('11103', '2CF7F1201070005B', '4111', '1', '0.1600000000', '1575949791351'), ('11104', '2CF7F1201070005B', '4110', '1', '52.0000000000', '1575949791351'), ('11105', '2CF7F1201070001C', '4110', '1', '49.8000000000', '1575949849442'), ('11106', '2CF7F1201070001C', '4111', '1', '0.1200000000', '1575949849442'), ('11107', '2CF7F1201070001C', '4112', '1', '17.2000000000', '1575949849442'), ('11108', '2CF7F12010700063', '4102', '1', '15.9500000000', '1575949862407'), ('11109', '2CF7F12010700063', '4103', '1', '76.2500000000', '1575949862407'), ('11110', '2CF7F1201070001C', '4110', '1', '49.8000000000', '1575949864772'), ('11111', '2CF7F1201070001C', '4112', '1', '17.2000000000', '1575949864772'), ('11112', '2CF7F1201070001C', '4111', '1', '0.1200000000', '1575949864772'), ('11113', '2CF7F1201070001C', '4110', '1', '49.8000000000', '1575949875507'), ('11114', '2CF7F1201070001C', '4111', '1', '0.1200000000', '1575949875507'), ('11115', '2CF7F12010700063', '4102', '1', '15.9500000000', '1575949877655'), ('11116', '2CF7F12010700063', '4103', '1', '76.2500000000', '1575949877655'), ('11117', '2CF7F1201070001C', '4112', '1', '17.2000000000', '1575949875507'), ('11118', '2CF7F12010700063', '4102', '1', '15.9500000000', '1575949888696'), ('11119', '2CF7F12010700063', '4103', '1', '76.2500000000', '1575949888696'), ('11120', '2CF7F15000100124', '4097', '1', '22.0000000000', '1575949921000'), ('11121', '2CF7F15000100124', '4098', '1', '43.0000000000', '1575949921000'), ('11122', '2CF7F12210400046', '4097', '1', '21.0000000000', '1575949983310'), ('11123', '2CF7F12210400046', '4098', '1', '41.0000000000', '1575949983310'), ('11124', '2CF7F15000100138', '4101', '1', '101320.0000000000', '1575949981000'), ('11125', '2CF7F12210400046', '4097', '1', '21.0000000000', '1575950003377');
INSERT INTO `tb_node_measure_values` VALUES ('11126', '2CF7F12210400046', '4098', '1', '41.0000000000', '1575950003377'), ('11127', '2CF7F1201070005B', '4110', '1', '52.1000000000', '1575950097136'), ('11128', '2CF7F1201070005B', '4111', '1', '0.1500000000', '1575950097136'), ('11129', '2CF7F1201070005B', '4112', '1', '16.8000000000', '1575950097136'), ('11130', '2CF7F1201070001C', '4110', '1', '49.8000000000', '1575950187501'), ('11131', '2CF7F1201070001C', '4112', '1', '17.3000000000', '1575950187501'), ('11132', '2CF7F1201070001C', '4111', '1', '0.1200000000', '1575950187501'), ('11133', '2CF7F12010700063', '4102', '1', '15.9000000000', '1575950190620'), ('11134', '2CF7F12010700063', '4103', '1', '76.1500000000', '1575950190620'), ('11135', '2CF7F1201070001C', '4110', '1', '49.8000000000', '1575950201119'), ('11136', '2CF7F1201070001C', '4111', '1', '0.1200000000', '1575950201119'), ('11137', '2CF7F1201070001C', '4112', '1', '17.3000000000', '1575950201119'), ('11138', '2CF7F1201070001C', '4110', '1', '49.8000000000', '1575950220675'), ('11139', '2CF7F1201070001C', '4112', '1', '17.3000000000', '1575950220675'), ('11140', '2CF7F1201070001C', '4111', '1', '0.1200000000', '1575950220675'), ('11141', '2CF7F15000100124', '4097', '1', '22.0000000000', '1575950228000'), ('11142', '2CF7F15000100124', '4098', '1', '43.0000000000', '1575950228000'), ('11143', '2CF7F15000100138', '4101', '1', '101305.0000000000', '1575950287000'), ('11144', '2CF7F1201070005B', '4110', '1', '52.0000000000', '1575950402153'), ('11145', '2CF7F1201070005B', '4112', '1', '16.9000000000', '1575950402153'), ('11146', '2CF7F1201070005B', '4111', '1', '0.1500000000', '1575950402153'), ('11147', '2CF7F1201070005B', '4110', '1', '52.0000000000', '1575950416521'), ('11148', '2CF7F1201070005B', '4111', '1', '0.1500000000', '1575950416521'), ('11149', '2CF7F1201070005B', '4112', '1', '16.9000000000', '1575950416521'), ('11150', '2CF7F12010700063', '4102', '1', '15.9500000000', '1575950494687'), ('11151', '2CF7F12010700063', '4103', '1', '76.1500000000', '1575950494687'), ('11152', '2CF7F1201070001C', '4110', '1', '49.8000000000', '1575950533116'), ('11153', '2CF7F1201070001C', '4112', '1', '17.4000000000', '1575950533116'), ('11154', '2CF7F1201070001C', '4111', '1', '0.1100000000', '1575950533116'), ('11155', '2CF7F15000100124', '4097', '1', '22.0000000000', '1575950535000'), ('11156', '2CF7F15000100124', '4098', '1', '42.0000000000', '1575950535000'), ('11157', '2CF7F15000100138', '4101', '1', '101292.0000000000', '1575950594000'), ('11158', '2CF7F1201070005B', '4110', '1', '51.9000000000', '1575950721511'), ('11159', '2CF7F1201070005B', '4112', '1', '16.9000000000', '1575950721511'), ('11160', '2CF7F1201070005B', '4111', '1', '0.1500000000', '1575950721511'), ('11161', '2CF7F1201070005B', '4110', '1', '51.9000000000', '1575950738848'), ('11162', '2CF7F1201070005B', '4111', '1', '0.1500000000', '1575950738848'), ('11163', '2CF7F1201070005B', '4112', '1', '16.9000000000', '1575950738848'), ('11164', '2CF7F1201070005B', '4111', '1', '0.1500000000', '1575950750615'), ('11165', '2CF7F1201070005B', '4110', '1', '51.9000000000', '1575950750615'), ('11166', '2CF7F1201070005B', '4112', '1', '16.9000000000', '1575950750615'), ('11167', '2CF7F12010700063', '4102', '1', '15.9000000000', '1575950797594'), ('11168', '2CF7F12010700063', '4103', '1', '76.2000000000', '1575950797594'), ('11169', '2CF7F1201070001C', '4110', '1', '49.8000000000', '1575950840331'), ('11170', '2CF7F1201070001C', '4112', '1', '17.4000000000', '1575950840331'), ('11171', '2CF7F1201070001C', '4111', '1', '0.1100000000', '1575950840331'), ('11172', '2CF7F15000100124', '4097', '1', '22.0000000000', '1575950842000'), ('11173', '2CF7F15000100124', '4098', '1', '42.0000000000', '1575950842000'), ('11174', '2CF7F15000100138', '4101', '1', '101279.0000000000', '1575950900000'), ('11175', '2CF7F1201070005B', '4110', '1', '52.0000000000', '1575951060562'), ('11176', '2CF7F1201070005B', '4110', '1', '52.0000000000', '1575951060557'), ('11177', '2CF7F1201070005B', '4112', '1', '17.1000000000', '1575951060557'), ('11178', '2CF7F1201070005B', '4111', '1', '0.1500000000', '1575951060557'), ('11179', '2CF7F1201070005B', '4111', '1', '0.1500000000', '1575951060562'), ('11180', '2CF7F1201070005B', '4112', '1', '17.1000000000', '1575951060562'), ('11181', '2CF7F12010700063', '4102', '1', '15.9500000000', '1575951100511'), ('11182', '2CF7F12010700063', '4103', '1', '76.2000000000', '1575951100511'), ('11183', '2CF7F12010700063', '4102', '1', '15.9500000000', '1575951119393'), ('11184', '2CF7F12010700063', '4103', '1', '76.2000000000', '1575951119393'), ('11185', '2CF7F12010700063', '4102', '1', '15.9500000000', '1575951119419'), ('11186', '2CF7F12010700063', '4103', '1', '76.2000000000', '1575951119419'), ('11187', '2CF7F1201070001C', '4110', '1', '49.8000000000', '1575951147569'), ('11188', '2CF7F1201070001C', '4112', '1', '17.5000000000', '1575951147569'), ('11189', '2CF7F1201070001C', '4111', '1', '0.1200000000', '1575951147569'), ('11190', '2CF7F15000100124', '4097', '1', '22.0000000000', '1575951149000'), ('11191', '2CF7F15000100124', '4098', '1', '42.0000000000', '1575951149000'), ('11192', '2CF7F15000100138', '4101', '1', '101269.0000000000', '1575951206000'), ('11193', '2CF7F1201070005B', '4110', '1', '52.0000000000', '1575951365538'), ('11194', '2CF7F1201070005B', '4111', '1', '0.1500000000', '1575951365538'), ('11195', '2CF7F1201070005B', '4112', '1', '17.1000000000', '1575951365538'), ('11196', '2CF7F12010700063', '4102', '1', '16.0000000000', '1575951422414'), ('11197', '2CF7F12010700063', '4103', '1', '76.1000000000', '1575951422414'), ('11198', '2CF7F15000100124', '4097', '1', '22.0000000000', '1575951457000'), ('11199', '2CF7F15000100124', '4098', '1', '42.0000000000', '1575951457000'), ('11200', '2CF7F1201070001C', '4110', '1', '49.8000000000', '1575951474241'), ('11201', '2CF7F1201070001C', '4111', '1', '0.1100000000', '1575951474241'), ('11202', '2CF7F1201070001C', '4112', '1', '17.6000000000', '1575951474241'), ('11203', '2CF7F1201070001C', '4110', '1', '49.8000000000', '1575951493354'), ('11204', '2CF7F1201070001C', '4112', '1', '17.6000000000', '1575951493354'), ('11205', '2CF7F1201070001C', '4111', '1', '0.1100000000', '1575951493354'), ('11206', '2CF7F15000100138', '4101', '1', '101253.0000000000', '1575951513000'), ('11207', '2CF7F1201070003B', '4107', '1', '0.0000000000', '1575951584225'), ('11208', '2CF7F1201070005B', '4110', '1', '52.0000000000', '1575951670532'), ('11209', '2CF7F1201070005B', '4112', '1', '17.2000000000', '1575951670532'), ('11210', '2CF7F1201070005B', '4111', '1', '0.1500000000', '1575951670532'), ('11211', '2CF7F12010700063', '4103', '1', '76.1500000000', '1575951725260'), ('11212', '2CF7F12010700063', '4102', '1', '16.0000000000', '1575951725260'), ('11213', '2CF7F15000100124', '4097', '1', '22.0000000000', '1575951764000'), ('11214', '2CF7F15000100124', '4098', '1', '42.0000000000', '1575951764000'), ('11215', '2CF7F12010700073', '4107', '1', '0.0000000000', '1575951789111'), ('11216', '2CF7F12010700073', '4107', '1', '0.0000000000', '1575951789165'), ('11217', '2CF7F1201070001C', '4110', '1', '49.8000000000', '1575951798650'), ('11218', '2CF7F1201070001C', '4111', '1', '0.1100000000', '1575951798650'), ('11219', '2CF7F1201070001C', '4112', '1', '17.7000000000', '1575951798650'), ('11220', '2CF7F15000100138', '4101', '1', '101245.0000000000', '1575951819000'), ('11221', '2CF7F1201070002E', '4097', '1', '23.0000000000', '1575951879914'), ('11222', '2CF7F1201070002E', '4098', '1', '38.0000000000', '1575951879914'), ('11223', '2CF7F1201070005B', '4110', '1', '52.0000000000', '1575951975539'), ('11224', '2CF7F1201070005B', '4112', '1', '17.3000000000', '1575951975539'), ('11225', '2CF7F1201070005B', '4111', '1', '0.1500000000', '1575951975539'), ('11226', '2CF7F1201070005B', '4110', '1', '52.0000000000', '1575951992540'), ('11227', '2CF7F1201070005B', '4111', '1', '0.1500000000', '1575951992540'), ('11228', '2CF7F1201070005B', '4112', '1', '17.3000000000', '1575951992540'), ('11229', '2CF7F1201070005B', '4111', '1', '0.1500000000', '1575952011358'), ('11230', '2CF7F1201070005B', '4112', '1', '17.3000000000', '1575952011358'), ('11231', '2CF7F1201070005B', '4110', '1', '52.0000000000', '1575952011358'), ('11232', '2CF7F12010700063', '4102', '1', '16.1500000000', '1575952029951'), ('11233', '2CF7F12010700063', '4103', '1', '75.7500000000', '1575952029951'), ('11234', '2CF7F15000100124', '4097', '1', '22.0000000000', '1575952082000'), ('11235', '2CF7F15000100124', '4098', '1', '42.0000000000', '1575952082000'), ('11236', '2CF7F1201070001C', '4110', '1', '49.8000000000', '1575952104510'), ('11237', '2CF7F1201070001C', '4111', '1', '0.1100000000', '1575952104510'), ('11238', '2CF7F1201070001C', '4112', '1', '17.7000000000', '1575952104510'), ('11239', '2CF7F1201070001C', '4110', '1', '49.8000000000', '1575952123183'), ('11240', '2CF7F1201070001C', '4112', '1', '17.7000000000', '1575952123183'), ('11241', '2CF7F1201070001C', '4111', '1', '0.1100000000', '1575952123183'), ('11242', '2CF7F15000100138', '4101', '1', '101233.0000000000', '1575952125000'), ('11243', '2CF7F1201070001C', '4110', '1', '49.8000000000', '1575952141230'), ('11244', '2CF7F1201070001C', '4112', '1', '17.7000000000', '1575952141230'), ('11245', '2CF7F1201070001C', '4111', '1', '0.1100000000', '1575952141230'), ('11246', '2CF7F1201070005B', '4110', '1', '51.9000000000', '1575952322174'), ('11247', '2CF7F1201070005B', '4110', '1', '51.9000000000', '1575952322251'), ('11248', '2CF7F1201070005B', '4111', '1', '0.1500000000', '1575952322174'), ('11249', '2CF7F1201070005B', '4112', '1', '17.3000000000', '1575952322251'), ('11250', '2CF7F1201070005B', '4112', '1', '17.3000000000', '1575952322174'), ('11251', '2CF7F1201070005B', '4111', '1', '0.1500000000', '1575952322251'), ('11252', '2CF7F12010700063', '4102', '1', '16.1000000000', '1575952332789'), ('11253', '2CF7F12010700063', '4103', '1', '76.1500000000', '1575952332789'), ('11254', '2CF7F12010700063', '4102', '1', '16.1000000000', '1575952343969'), ('11255', '2CF7F12010700063', '4102', '1', '16.1000000000', '1575952344328'), ('11256', '2CF7F12010700063', '4103', '1', '76.1500000000', '1575952344328'), ('11257', '2CF7F12010700063', '4103', '1', '76.1500000000', '1575952343969'), ('11258', '2CF7F15000100124', '4097', '1', '22.0000000000', '1575952389000'), ('11259', '2CF7F15000100124', '4098', '1', '42.0000000000', '1575952389000'), ('11260', '2CF7F15000100138', '4101', '1', '101225.0000000000', '1575952432000'), ('11261', '2CF7F1201070001C', '4110', '1', '49.8000000000', '1575952448665'), ('11262', '2CF7F1201070001C', '4112', '1', '17.8000000000', '1575952448665'), ('11263', '2CF7F1201070001C', '4111', '1', '0.1100000000', '1575952448665'), ('11264', '2CF7F1201070001C', '4110', '1', '49.8000000000', '1575952468759'), ('11265', '2CF7F1201070001C', '4111', '1', '0.1100000000', '1575952468759'), ('11266', '2CF7F1201070001C', '4112', '1', '17.8000000000', '1575952468759'), ('11267', '2CF7F12210400023', '4099', '1', '0.0000000000', '1575952601274'), ('11268', '2CF7F1201070005B', '4110', '1', '52.0000000000', '1575952627250'), ('11269', '2CF7F1201070005B', '4112', '1', '17.9000000000', '1575952627250'), ('11270', '2CF7F1201070005B', '4111', '1', '0.1500000000', '1575952627250'), ('11271', '2CF7F12010700063', '4102', '1', '16.1000000000', '1575952646948'), ('11272', '2CF7F12010700063', '4103', '1', '75.8000000000', '1575952646948'), ('11273', '2CF7F12010700063', '4102', '1', '16.1000000000', '1575952666673'), ('11274', '2CF7F12010700063', '4103', '1', '75.8000000000', '1575952666673'), ('11275', '2CF7F15000100124', '4097', '1', '22.0000000000', '1575952696000'), ('11276', '2CF7F15000100124', '4098', '1', '42.0000000000', '1575952696000'), ('11277', '2CF7F15000100138', '4101', '1', '101204.0000000000', '1575952738000'), ('11278', '2CF7F1201070001C', '4110', '1', '49.8000000000', '1575952775975'), ('11279', '2CF7F1201070001C', '4110', '1', '49.8000000000', '1575952809744'), ('11280', '2CF7F1201070001C', '4111', '1', '0.1100000000', '1575952809744'), ('11281', '2CF7F1201070001C', '4112', '1', '17.9000000000', '1575952809744'), ('11282', '2CF7F1201070001C', '4110', '1', '49.8000000000', '1575952795587'), ('11283', '2CF7F1201070001C', '4112', '1', '17.9000000000', '1575952795587'), ('11284', '2CF7F1201070001C', '4111', '1', '0.1100000000', '1575952795587'), ('11285', '2CF7F1201070001C', '4112', '1', '17.9000000000', '1575952775975'), ('11286', '2CF7F1201070001C', '4111', '1', '0.1100000000', '1575952775975'), ('11287', '2CF7F1201070005B', '4110', '1', '52.0000000000', '1575951718696'), ('11288', '2CF7F1201070005B', '4112', '1', '18.3000000000', '1575951718696'), ('11289', '2CF7F1201070005B', '4111', '1', '0.1500000000', '1575951718696'), ('11290', '2CF7F1201070005B', '4110', '1', '52.0000000000', '1575952943570'), ('11291', '2CF7F1201070005B', '4111', '1', '0.1500000000', '1575952943570'), ('11292', '2CF7F1201070005B', '4112', '1', '18.3000000000', '1575952943570'), ('11293', '2CF7F12010700063', '4102', '1', '16.2000000000', '1575952969572'), ('11294', '2CF7F12010700063', '4103', '1', '76.1000000000', '1575952969572'), ('11295', '2CF7F15000100124', '4097', '1', '22.0000000000', '1575953014000'), ('11296', '2CF7F15000100124', '4098', '1', '43.0000000000', '1575953014000'), ('11297', '2CF7F15000100138', '4101', '1', '101201.0000000000', '1575953044000'), ('11298', '2CF7F1201070001C', '4110', '1', '49.8000000000', '1575953122293'), ('11299', '2CF7F1201070001C', '4111', '1', '0.1100000000', '1575953122293'), ('11300', '2CF7F1201070001C', '4112', '1', '18.1000000000', '1575953122293'), ('11301', '2CF7F12210400082', '4101', '1', '101206.0000000000', '1575953140597'), ('11302', '2CF7F12210400082', '4101', '1', '101206.0000000000', '1575953155951'), ('11303', '2CF7F1201070005B', '4111', '1', '0.1500000000', '1575953248650'), ('11304', '2CF7F1201070005B', '4110', '1', '52.0000000000', '1575953248650'), ('11305', '2CF7F1201070005B', '4112', '1', '18.4000000000', '1575953248650'), ('11306', '2CF7F12010700063', '4102', '1', '16.2000000000', '1575953272463'), ('11307', '2CF7F12010700063', '4103', '1', '75.6500000000', '1575953272463'), ('11308', '2CF7F12010700063', '4102', '1', '16.2000000000', '1575953289373'), ('11309', '2CF7F12010700063', '4103', '1', '75.6500000000', '1575953289373'), ('11310', '2CF7F15000100124', '4097', '1', '22.0000000000', '1575953321000'), ('11311', '2CF7F15000100124', '4098', '1', '43.0000000000', '1575953321000'), ('11312', '2CF7F15000100138', '4101', '1', '101193.0000000000', '1575953351000'), ('11313', '2CF7F12010700074', '4099', '1', '21.6000000000', '1575953396817'), ('11314', '2CF7F1201070001C', '4110', '1', '49.8000000000', '1575953429501'), ('11315', '2CF7F1201070001C', '4111', '1', '0.1100000000', '1575953429501'), ('11316', '2CF7F1201070001C', '4112', '1', '18.2000000000', '1575953429501'), ('11317', '2CF7F1201070005B', '4110', '1', '52.0000000000', '1575953553645'), ('11318', '2CF7F1201070005B', '4111', '1', '0.1500000000', '1575953553645'), ('11319', '2CF7F1201070005B', '4112', '1', '18.3000000000', '1575953553645'), ('11320', '2CF7F1201070005B', '4110', '1', '52.0000000000', '1575953572956'), ('11321', '2CF7F1201070005B', '4112', '1', '18.3000000000', '1575953572956'), ('11322', '2CF7F1201070005B', '4111', '1', '0.1500000000', '1575953572956'), ('11323', '2CF7F12010700063', '4102', '1', '16.2000000000', '1575953594252'), ('11324', '2CF7F12010700063', '4103', '1', '76.1000000000', '1575953594252'), ('11325', '2CF7F12010700063', '4103', '1', '76.1000000000', '1575953606520'), ('11326', '2CF7F12010700063', '4103', '1', '76.1000000000', '1575953606580'), ('11327', '2CF7F12210400046', '4097', '1', '21.0000000000', '1575953608529'), ('11328', '2CF7F12010700063', '4102', '1', '16.2000000000', '1575953606520'), ('11329', '2CF7F12210400046', '4098', '1', '41.0000000000', '1575953608529'), ('11330', '2CF7F12010700063', '4102', '1', '16.2000000000', '1575953606580'), ('11331', '2CF7F12010700063', '4103', '1', '76.1000000000', '1575953618417'), ('11332', '2CF7F12010700063', '4102', '1', '16.2000000000', '1575953618417'), ('11333', '2CF7F15000100124', '4097', '1', '22.0000000000', '1575953628000'), ('11334', '2CF7F15000100124', '4098', '1', '43.0000000000', '1575953628000'), ('11335', '2CF7F15000100138', '4101', '1', '101187.0000000000', '1575953657000'), ('11336', '2CF7F1201070001C', '4110', '1', '49.8000000000', '1575953736719'), ('11337', '2CF7F1201070001C', '4112', '1', '18.4000000000', '1575953736719'), ('11338', '2CF7F1201070001C', '4111', '1', '0.1100000000', '1575953736719'), ('11339', '2CF7F1201070005B', '4110', '1', '52.0000000000', '1575953877958'), ('11340', '2CF7F1201070005B', '4110', '1', '52.0000000000', '1575953877898'), ('11341', '2CF7F1201070005B', '4112', '1', '18.3000000000', '1575953877958'), ('11342', '2CF7F1201070005B', '4111', '1', '0.1500000000', '1575953877898'), ('11343', '2CF7F1201070005B', '4111', '1', '0.1500000000', '1575953877958'), ('11344', '2CF7F1201070005B', '4112', '1', '18.3000000000', '1575953877898'), ('11345', '2CF7F12010700063', '4102', '1', '16.2000000000', '1575953924964'), ('11346', '2CF7F12010700063', '4103', '1', '75.8000000000', '1575953924964'), ('11347', '2CF7F15000100124', '4097', '1', '22.0000000000', '1575953935000'), ('11348', '2CF7F15000100124', '4098', '1', '43.0000000000', '1575953935000'), ('11349', '2CF7F15000100138', '4101', '1', '101176.0000000000', '1575953963000'), ('11350', '2CF7F12010700074', '4099', '1', '0.0000000000', '1575953998790'), ('11351', '2CF7F1201070001C', '4110', '1', '49.8000000000', '1575954043935'), ('11352', '2CF7F1201070001C', '4111', '1', '0.1100000000', '1575954043935'), ('11353', '2CF7F1201070001C', '4112', '1', '18.5000000000', '1575954043935'), ('11354', '2CF7F1201070005B', '4110', '1', '51.9000000000', '1575954182960'), ('11355', '2CF7F1201070005B', '4111', '1', '0.1400000000', '1575954182960'), ('11356', '2CF7F1201070005B', '4112', '1', '18.3000000000', '1575954182960'), ('11357', '2CF7F12010700063', '4102', '1', '16.3000000000', '1575954229588'), ('11358', '2CF7F12010700063', '4103', '1', '75.7500000000', '1575954229588'), ('11359', '2CF7F15000100124', '4097', '1', '22.0000000000', '1575954242000'), ('11360', '2CF7F15000100124', '4098', '1', '43.0000000000', '1575954242000'), ('11361', '2CF7F15000100138', '4101', '1', '101158.0000000000', '1575954270000'), ('11362', '2CF7F1201070001C', '4110', '1', '49.8000000000', '1575954351308'), ('11363', '2CF7F1201070001C', '4112', '1', '18.7000000000', '1575954351308'), ('11364', '2CF7F1201070001C', '4111', '1', '0.1100000000', '1575954351308'), ('11365', '2CF7F1201070001C', '4110', '1', '49.8000000000', '1575954363492'), ('11366', '2CF7F1201070001C', '4111', '1', '0.1100000000', '1575954363492'), ('11367', '2CF7F1201070001C', '4112', '1', '18.7000000000', '1575954363492'), ('11368', '2CF7F1201070001C', '4111', '1', '0.1100000000', '1575954380812'), ('11369', '2CF7F1201070001C', '4110', '1', '49.8000000000', '1575954380812'), ('11370', '2CF7F1201070001C', '4112', '1', '18.7000000000', '1575954380812'), ('11371', '2CF7F1201070005B', '4110', '1', '51.9000000000', '1575954487958'), ('11372', '2CF7F1201070005B', '4111', '1', '0.1500000000', '1575954487958'), ('11373', '2CF7F1201070005B', '4112', '1', '18.3000000000', '1575954487958'), ('11374', '2CF7F1201070005B', '4111', '1', '0.1500000000', '1575954498226'), ('11375', '2CF7F1201070005B', '4110', '1', '51.9000000000', '1575954498226'), ('11376', '2CF7F1201070005B', '4112', '1', '18.3000000000', '1575954498226'), ('11377', '2CF7F12010700063', '4102', '1', '16.3000000000', '1575954532489'), ('11378', '2CF7F12010700063', '4103', '1', '75.6500000000', '1575954532489'), ('11379', '2CF7F15000100124', '4097', '1', '22.0000000000', '1575954550000'), ('11380', '2CF7F15000100124', '4098', '1', '43.0000000000', '1575954550000'), ('11381', '2CF7F15000100138', '4101', '1', '101150.0000000000', '1575954576000'), ('11382', '2CF7F12010700074', '4099', '1', '4.3200000000', '1575954600799'), ('11383', '2CF7F1201070001C', '4110', '1', '49.8000000000', '1575954689503'), ('11384', '2CF7F1201070001C', '4111', '1', '0.1100000000', '1575954689503'), ('11385', '2CF7F1201070001C', '4112', '1', '18.6000000000', '1575954689503'), ('11386', '2CF7F1201070001C', '4110', '1', '49.8000000000', '1575954701980'), ('11387', '2CF7F1201070001C', '4111', '1', '0.1100000000', '1575954701980'), ('11388', '2CF7F1201070001C', '4112', '1', '18.6000000000', '1575954701980'), ('11389', '2CF7F1201070005B', '4110', '1', '51.9000000000', '1575954803229'), ('11390', '2CF7F1201070005B', '4111', '1', '0.1500000000', '1575954803229'), ('11391', '2CF7F1201070005B', '4112', '1', '18.1000000000', '1575954803229'), ('11392', '2CF7F12010700063', '4102', '1', '16.4000000000', '1575954850635'), ('11393', '2CF7F12010700063', '4103', '1', '75.5500000000', '1575954850635'), ('11394', '2CF7F15000100124', '4097', '1', '22.0000000000', '1575954867000'), ('11395', '2CF7F15000100124', '4098', '1', '43.0000000000', '1575954867000'), ('11396', '2CF7F15000100138', '4101', '1', '101146.0000000000', '1575954882000'), ('11397', '2CF7F1201070001C', '4110', '1', '49.8000000000', '1575955009191'), ('11398', '2CF7F1201070001C', '4111', '1', '0.1100000000', '1575955009191'), ('11399', '2CF7F1201070001C', '4112', '1', '18.4000000000', '1575955009191'), ('11400', '2CF7F1201070001C', '4110', '1', '49.8000000000', '1575955024915'), ('11401', '2CF7F1201070001C', '4112', '1', '18.4000000000', '1575955024915'), ('11402', '2CF7F1201070001C', '4111', '1', '0.1100000000', '1575955024915'), ('11403', '2CF7F1201070005B', '4110', '1', '51.9000000000', '1575955108217'), ('11404', '2CF7F1201070005B', '4112', '1', '17.9000000000', '1575955108217'), ('11405', '2CF7F1201070005B', '4111', '1', '0.1500000000', '1575955108217'), ('11406', '2CF7F12010700063', '4102', '1', '16.5500000000', '1575955155259'), ('11407', '2CF7F12010700063', '4103', '1', '75.5500000000', '1575955155259'), ('11408', '2CF7F12010700063', '4102', '1', '16.5500000000', '1575955175303'), ('11409', '2CF7F12010700063', '4103', '1', '75.5500000000', '1575955175303'), ('11410', '2CF7F15000100124', '4097', '1', '22.0000000000', '1575955174000'), ('11411', '2CF7F15000100124', '4098', '1', '43.0000000000', '1575955174000'), ('11412', '2CF7F1201070003B', '4107', '1', '0.0000000000', '1575955188121'), ('11413', '2CF7F15000100138', '4101', '1', '101144.0000000000', '1575955189000'), ('11414', '2CF7F12010700074', '4099', '1', '4.3200000000', '1575955202741'), ('11415', '2CF7F1201070003B', '4107', '1', '0.0000000000', '1575955204584'), ('11416', '2CF7F12010700074', '4099', '1', '4.3200000000', '1575955219221'), ('11417', '2CF7F12010700074', '4099', '1', '4.3200000000', '1575955230179'), ('11418', '2CF7F1201070001C', '4110', '1', '49.8000000000', '1575955329786'), ('11419', '2CF7F1201070001C', '4112', '1', '18.4000000000', '1575955329786'), ('11420', '2CF7F1201070001C', '4111', '1', '0.1100000000', '1575955329786'), ('11421', '2CF7F12010700073', '4107', '1', '0.0000000000', '1575955391328'), ('11422', '2CF7F1201070005B', '4110', '1', '51.7000000000', '1575955413238'), ('11423', '2CF7F1201070005B', '4111', '1', '0.1500000000', '1575955413238'), ('11424', '2CF7F1201070005B', '4112', '1', '17.8000000000', '1575955413238'), ('11425', '2CF7F1201070002E', '4097', '1', '24.0000000000', '1575955482909'), ('11426', '2CF7F1201070002E', '4098', '1', '38.0000000000', '1575955482909'), ('11427', '2CF7F15000100124', '4097', '1', '22.0000000000', '1575955481000'), ('11428', '2CF7F15000100124', '4098', '1', '43.0000000000', '1575955481000'), ('11429', '2CF7F12010700063', '4102', '1', '16.5000000000', '1575955497362'), ('11430', '2CF7F12010700063', '4103', '1', '75.5500000000', '1575955497362'), ('11431', '2CF7F15000100138', '4101', '1', '101133.0000000000', '1575955496000'), ('11432', '2CF7F12010700063', '4102', '1', '16.5000000000', '1575955510139'), ('11433', '2CF7F12010700063', '4103', '1', '75.5500000000', '1575955510139'), ('11434', '2CF7F1201070001C', '4110', '1', '49.8000000000', '1575955636278'), ('11435', '2CF7F1201070001C', '4112', '1', '18.9000000000', '1575955636278'), ('11436', '2CF7F1201070001C', '4111', '1', '0.1100000000', '1575955636278'), ('11437', '2CF7F1201070005B', '4110', '1', '51.7000000000', '1575955718235'), ('11438', '2CF7F1201070005B', '4112', '1', '17.8000000000', '1575955718235'), ('11439', '2CF7F1201070005B', '4111', '1', '0.1500000000', '1575955718235'), ('11440', '2CF7F15000100124', '4097', '1', '22.0000000000', '1575955789000'), ('11441', '2CF7F15000100124', '4098', '1', '43.0000000000', '1575955789000'), ('11442', '2CF7F15000100138', '4101', '1', '101127.0000000000', '1575955802000'), ('11443', '2CF7F12010700063', '4102', '1', '16.4500000000', '1575955817842'), ('11444', '2CF7F12010700063', '4103', '1', '75.5500000000', '1575955817842'), ('11445', '2CF7F12010700074', '4099', '1', '496.8000000000', '1575955836911'), ('11446', '2CF7F12010700063', '4102', '1', '16.4500000000', '1575955853612'), ('11447', '2CF7F12010700063', '4103', '1', '75.5500000000', '1575955853612'), ('11448', '2CF7F1201070001C', '4110', '1', '49.8000000000', '1575955943485'), ('11449', '2CF7F1201070001C', '4111', '1', '0.1100000000', '1575955943485'), ('11450', '2CF7F1201070001C', '4112', '1', '19.2000000000', '1575955943485'), ('11451', '2CF7F1201070005B', '4110', '1', '51.8000000000', '1575956023225'), ('11452', '2CF7F1201070005B', '4111', '1', '0.1500000000', '1575956023225'), ('11453', '2CF7F1201070005B', '4112', '1', '17.7000000000', '1575956023225'), ('11454', '2CF7F15000100124', '4097', '1', '22.0000000000', '1575956096000'), ('11455', '2CF7F15000100124', '4098', '1', '43.0000000000', '1575956096000'), ('11456', '2CF7F15000100138', '4101', '1', '101115.0000000000', '1575956108000'), ('11457', '2CF7F12010700063', '4102', '1', '16.5500000000', '1575956162960'), ('11458', '2CF7F12010700063', '4103', '1', '75.4000000000', '1575956162960'), ('11459', '2CF7F12210400023', '4099', '1', '0.0000000000', '1575956206179'), ('11460', '2CF7F1201070001C', '4110', '1', '49.8000000000', '1575956250858'), ('11461', '2CF7F1201070001C', '4112', '1', '19.7000000000', '1575956250858'), ('11462', '2CF7F1201070001C', '4111', '1', '0.1100000000', '1575956250858'), ('11463', '2CF7F1201070005B', '4110', '1', '51.8000000000', '1575956328223'), ('11464', '2CF7F1201070005B', '4112', '1', '17.7000000000', '1575956328223'), ('11465', '2CF7F1201070005B', '4111', '1', '0.1500000000', '1575956328223'), ('11466', '2CF7F1201070005B', '4110', '1', '51.8000000000', '1575956342608'), ('11467', '2CF7F1201070005B', '4111', '1', '0.1500000000', '1575956342608'), ('11468', '2CF7F1201070005B', '4112', '1', '17.7000000000', '1575956342608'), ('11469', '2CF7F1201070005B', '4110', '1', '51.8000000000', '1575956353887'), ('11470', '2CF7F1201070005B', '4112', '1', '17.7000000000', '1575956353887'), ('11471', '2CF7F1201070005B', '4111', '1', '0.1500000000', '1575956353887'), ('11472', '2CF7F15000100124', '4097', '1', '22.0000000000', '1575956403000'), ('11473', '2CF7F15000100124', '4098', '1', '43.0000000000', '1575956403000'), ('11474', '2CF7F15000100138', '4101', '1', '101113.0000000000', '1575956415000'), ('11475', '2CF7F12010700074', '4099', '1', '0.0000000000', '1575956438851'), ('11476', '2CF7F12010700074', '4099', '1', '0.0000000000', '1575956452469'), ('11477', '2CF7F12010700063', '4102', '1', '16.5500000000', '1575956464728'), ('11478', '2CF7F12010700063', '4103', '1', '75.4000000000', '1575956464728'), ('11479', '2CF7F12010700074', '4099', '1', '0.0000000000', '1575956469608'), ('11480', '2CF7F1201070001C', '4110', '1', '49.8000000000', '1575956558661'), ('11481', '2CF7F1201070001C', '4111', '1', '0.1100000000', '1575956558661'), ('11482', '2CF7F1201070001C', '4112', '1', '20.3000000000', '1575956558661'), ('11483', '2CF7F1201070005B', '4110', '1', '51.8000000000', '1575956680788'), ('11484', '2CF7F1201070005B', '4111', '1', '0.1400000000', '1575956680788'), ('11485', '2CF7F1201070005B', '4112', '1', '17.8000000000', '1575956680788'), ('11486', '2CF7F15000100124', '4097', '1', '22.0000000000', '1575956710000'), ('11487', '2CF7F15000100124', '4098', '1', '43.0000000000', '1575956710000'), ('11488', '2CF7F15000100138', '4101', '1', '101105.0000000000', '1575956721000'), ('11489', '2CF7F12210400082', '4101', '1', '101117.0000000000', '1575956760947'), ('11490', '2CF7F12010700063', '4102', '1', '16.6000000000', '1575956824188'), ('11491', '2CF7F12010700063', '4103', '1', '75.5000000000', '1575956824188'), ('11492', '2CF7F12010700063', '4102', '1', '16.6000000000', '1575956841549'), ('11493', '2CF7F12010700063', '4103', '1', '75.5000000000', '1575956841549'), ('11494', '2CF7F1201070001C', '4110', '1', '49.8000000000', '1575956865278'), ('11495', '2CF7F1201070001C', '4112', '1', '20.4000000000', '1575956865278'), ('11496', '2CF7F1201070001C', '4111', '1', '0.1100000000', '1575956865278'), ('11497', '2CF7F1201070001C', '4110', '1', '49.8000000000', '1575956883952'), ('11498', '2CF7F1201070001C', '4112', '1', '20.4000000000', '1575956883952'), ('11499', '2CF7F1201070001C', '4111', '1', '0.1100000000', '1575956883952'), ('11500', '2CF7F1201070005B', '4110', '1', '51.7000000000', '1575956985791'), ('11501', '2CF7F1201070005B', '4111', '1', '0.1500000000', '1575956985791'), ('11502', '2CF7F1201070005B', '4112', '1', '17.8000000000', '1575956985791'), ('11503', '2CF7F15000100124', '4097', '1', '22.0000000000', '1575957018000'), ('11504', '2CF7F1201070005B', '4111', '1', '0.1500000000', '1575956999160'), ('11505', '2CF7F1201070005B', '4110', '1', '51.7000000000', '1575956999160'), ('11506', '2CF7F15000100124', '4098', '1', '43.0000000000', '1575957018000'), ('11507', '2CF7F1201070005B', '4112', '1', '17.8000000000', '1575956999160'), ('11508', '2CF7F15000100138', '4101', '1', '101108.0000000000', '1575957027000'), ('11509', '2CF7F1201070002E', '4097', '1', '26.0000000000', '1575957069520'), ('11510', '2CF7F1201070002E', '4098', '1', '35.0000000000', '1575957069520'), ('11511', '2CF7F12010700074', '4099', '1', '0.0000000000', '1575957074967'), ('11512', '2CF7F12010700063', '4102', '1', '16.6000000000', '1575957150663'), ('11513', '2CF7F12010700063', '4103', '1', '75.0000000000', '1575957150663'), ('11514', '2CF7F12010700063', '4102', '1', '16.6000000000', '1575957168450'), ('11515', '2CF7F12010700063', '4103', '1', '75.0000000000', '1575957168450'), ('11516', '2CF7F12010700063', '4102', '1', '16.6000000000', '1575957181808'), ('11517', '2CF7F12010700063', '4103', '1', '75.0000000000', '1575957181808'), ('11518', '2CF7F1201070001C', '4110', '1', '49.8000000000', '1575957191175'), ('11519', '2CF7F1201070001C', '4111', '1', '0.1100000000', '1575957191175'), ('11520', '2CF7F1201070001C', '4112', '1', '20.5000000000', '1575957191175'), ('11521', '2CF7F1201070001C', '4110', '1', '49.8000000000', '1575957208580'), ('11522', '2CF7F1201070001C', '4112', '1', '20.5000000000', '1575957208580'), ('11523', '2CF7F1201070001C', '4111', '1', '0.1100000000', '1575957208580'), ('11524', '2CF7F12210400046', '4097', '1', '22.0000000000', '1575957213967'), ('11525', '2CF7F12210400046', '4098', '1', '41.0000000000', '1575957213967'), ('11526', '2CF7F1201070005B', '4110', '1', '51.7000000000', '1575957304213'), ('11527', '2CF7F1201070005B', '4111', '1', '0.1500000000', '1575957304213'), ('11528', '2CF7F1201070005B', '4112', '1', '18.1000000000', '1575957304213'), ('11529', '2CF7F15000100138', '4101', '1', '101095.0000000000', '1575957334000'), ('11530', '2CF7F15000100124', '4098', '1', '43.0000000000', '1575957325000'), ('11531', '2CF7F15000100124', '4097', '1', '22.0000000000', '1575957325000'), ('11532', '2CF7F1201070002E', '4097', '1', '9.0000000000', '1575957371878'), ('11533', '2CF7F1201070002E', '4098', '1', '10.0000000000', '1575957371878'), ('11534', '2CF7F12010700063', '4102', '1', '16.6000000000', '1575957492392'), ('11535', '2CF7F12010700063', '4103', '1', '75.4000000000', '1575957492392'), ('11536', '2CF7F12010700063', '4102', '1', '16.6000000000', '1575957506139'), ('11537', '2CF7F12010700063', '4103', '1', '75.4000000000', '1575957506139'), ('11538', '2CF7F1201070001C', '4110', '1', '49.8000000000', '1575957515794'), ('11539', '2CF7F1201070001C', '4112', '1', '20.1000000000', '1575957515794'), ('11540', '2CF7F1201070001C', '4111', '1', '0.1100000000', '1575957515794'), ('11541', '2CF7F12010700063', '4102', '1', '16.6000000000', '1575957521984'), ('11542', '2CF7F12010700063', '4103', '1', '75.4000000000', '1575957521984'), ('11543', '2CF7F1201070001C', '4110', '1', '49.8000000000', '1575957530957'), ('11544', '2CF7F1201070001C', '4112', '1', '20.1000000000', '1575957530957'), ('11545', '2CF7F1201070001C', '4111', '1', '0.1100000000', '1575957530957'), ('11546', '2CF7F1201070001C', '4110', '1', '49.8000000000', '1575957545480'), ('11547', '2CF7F1201070001C', '4112', '1', '20.1000000000', '1575957545480'), ('11548', '2CF7F1201070001C', '4111', '1', '0.1100000000', '1575957545480'), ('11549', '2CF7F1201070005B', '4110', '1', '51.7000000000', '1575957609220'), ('11550', '2CF7F1201070005B', '4112', '1', '18.2000000000', '1575957609220'), ('11551', '2CF7F1201070005B', '4111', '1', '0.1400000000', '1575957609220'), ('11552', '2CF7F15000100138', '4101', '1', '101084.0000000000', '1575957640000'), ('11553', '2CF7F15000100124', '4097', '1', '22.0000000000', '1575957642000'), ('11554', '2CF7F15000100124', '4098', '1', '43.0000000000', '1575957642000'), ('11555', '2CF7F12010700074', '4099', '1', '0.0000000000', '1575957676989'), ('11556', '2CF7F1201070002E', '4097', '1', '-2.0000000000', '1575957705398'), ('11557', '2CF7F1201070002E', '4098', '1', '16.0000000000', '1575957705398'), ('11558', '2CF7F12010700063', '4102', '1', '16.8000000000', '1575957850365'), ('11559', '2CF7F12010700063', '4103', '1', '74.9000000000', '1575957850365'), ('11560', '2CF7F1201070001C', '4110', '1', '49.7000000000', '1575957852101'), ('11561', '2CF7F1201070001C', '4111', '1', '0.1100000000', '1575957852101'), ('11562', '2CF7F1201070001C', '4112', '1', '19.5000000000', '1575957852101'), ('11563', '2CF7F12010700063', '4102', '1', '16.8000000000', '1575957863409'), ('11564', '2CF7F12010700063', '4103', '1', '74.9000000000', '1575957863409'), ('11565', '2CF7F1201070005B', '4110', '1', '51.6000000000', '1575957914224'), ('11566', '2CF7F1201070005B', '4111', '1', '0.1400000000', '1575957914224'), ('11567', '2CF7F1201070005B', '4112', '1', '18.1000000000', '1575957914224'), ('11568', '2CF7F15000100138', '4101', '1', '101075.0000000000', '1575957946000'), ('11569', '2CF7F15000100124', '4097', '1', '22.0000000000', '1575957949000'), ('11570', '2CF7F15000100124', '4098', '1', '43.0000000000', '1575957949000'), ('11571', '2CF7F1201070001C', '4112', '1', '19.3000000000', '1575958159479'), ('11572', '2CF7F1201070001C', '4111', '1', '0.1100000000', '1575958159479'), ('11573', '2CF7F1201070001C', '4110', '1', '49.7000000000', '1575958159479'), ('11574', '2CF7F12010700063', '4102', '1', '16.8000000000', '1575958173224'), ('11575', '2CF7F12010700063', '4103', '1', '75.0000000000', '1575958173224'), ('11576', '2CF7F1201070005B', '4110', '1', '51.5000000000', '1575958219217'), ('11577', '2CF7F1201070005B', '4111', '1', '0.1500000000', '1575958219217'), ('11578', '2CF7F1201070005B', '4112', '1', '18.2000000000', '1575958219217'), ('11579', '2CF7F15000100138', '4101', '1', '101058.0000000000', '1575958253000'), ('11580', '2CF7F15000100124', '4097', '1', '22.0000000000', '1575958257000'), ('11581', '2CF7F15000100124', '4098', '1', '43.0000000000', '1575958257000'), ('11582', '2CF7F12010700074', '4099', '1', '0.0000000000', '1575958278955'), ('11583', '2CF7F1201070001C', '4110', '1', '49.7000000000', '1575958466691'), ('11584', '2CF7F1201070001C', '4112', '1', '19.4000000000', '1575958466691'), ('11585', '2CF7F1201070001C', '4111', '1', '0.1100000000', '1575958466691'), ('11586', '2CF7F12010700063', '4103', '1', '75.0000000000', '1575958476129'), ('11587', '2CF7F12010700063', '4102', '1', '16.8000000000', '1575958476129'), ('11588', '2CF7F1201070001C', '4110', '1', '49.7000000000', '1575958479610'), ('11589', '2CF7F1201070001C', '4112', '1', '19.4000000000', '1575958479610'), ('11590', '2CF7F1201070001C', '4111', '1', '0.1100000000', '1575958479610'), ('11591', '2CF7F1201070005B', '4110', '1', '51.7000000000', '1575958524222'), ('11592', '2CF7F1201070005B', '4111', '1', '0.1400000000', '1575958524222'), ('11593', '2CF7F1201070005B', '4112', '1', '18.7000000000', '1575958524222'), ('11594', '2CF7F1201070005B', '4110', '1', '51.7000000000', '1575958543319'), ('11595', '2CF7F1201070005B', '4112', '1', '18.7000000000', '1575958543319'), ('11596', '2CF7F1201070005B', '4111', '1', '0.1400000000', '1575958543319'), ('11597', '2CF7F1201070005B', '4110', '1', '51.7000000000', '1575958553920'), ('11598', '2CF7F1201070005B', '4111', '1', '0.1400000000', '1575958553920'), ('11599', '2CF7F1201070005B', '4112', '1', '18.7000000000', '1575958553920'), ('11600', '2CF7F15000100138', '4101', '1', '101062.0000000000', '1575958559000'), ('11601', '2CF7F15000100124', '4097', '1', '22.0000000000', '1575958574000'), ('11602', '2CF7F15000100124', '4098', '1', '43.0000000000', '1575958574000'), ('11603', '2CF7F12010700063', '4102', '1', '16.9000000000', '1575958779272'), ('11604', '2CF7F12010700063', '4103', '1', '75.0000000000', '1575958779272'), ('11605', '2CF7F1201070001C', '4110', '1', '49.7000000000', '1575958786833'), ('11606', '2CF7F1201070001C', '4111', '1', '0.1100000000', '1575958786833'), ('11607', '2CF7F1201070001C', '4112', '1', '19.7000000000', '1575958786833'), ('11608', '2CF7F12010700063', '4102', '1', '16.9000000000', '1575958794547'), ('11609', '2CF7F12010700063', '4103', '1', '75.0000000000', '1575958794547'), ('11610', '2CF7F1201070003B', '4107', '1', '0.0000000000', '1575958806678'), ('11611', '2CF7F1201070005B', '4111', '1', '0.1400000000', '1575958860210'), ('11612', '2CF7F1201070005B', '4110', '1', '51.6000000000', '1575958860210'), ('11613', '2CF7F1201070005B', '4112', '1', '18.9000000000', '1575958860210'), ('11614', '2CF7F15000100138', '4101', '1', '101053.0000000000', '1575958865000'), ('11615', '2CF7F1201070005B', '4110', '1', '51.6000000000', '1575958872649'), ('11616', '2CF7F1201070005B', '4112', '1', '18.9000000000', '1575958872649'), ('11617', '2CF7F1201070005B', '4111', '1', '0.1400000000', '1575958872649'), ('11618', '2CF7F12010700074', '4099', '1', '0.0000000000', '1575958880927'), ('11619', '2CF7F15000100124', '4097', '1', '22.0000000000', '1575958891000'), ('11620', '2CF7F15000100124', '4098', '1', '42.0000000000', '1575958891000'), ('11621', '2CF7F12010700073', '4107', '1', '0.0000000000', '1575958993482'), ('11622', '2CF7F1201070001C', '4110', '1', '49.7000000000', '1575959094456'), ('11623', '2CF7F1201070001C', '4111', '1', '0.1100000000', '1575959094456'), ('11624', '2CF7F1201070001C', '4112', '1', '19.4000000000', '1575959094456'), ('11625', '2CF7F12010700063', '4102', '1', '16.8500000000', '1575959097442'), ('11626', '2CF7F12010700063', '4103', '1', '74.9500000000', '1575959097442'), ('11627', '2CF7F12010700063', '4102', '1', '16.8500000000', '1575959111183'), ('11628', '2CF7F12010700063', '4103', '1', '74.9500000000', '1575959111183'), ('11629', '2CF7F1201070001C', '4110', '1', '49.7000000000', '1575959131197'), ('11630', '2CF7F1201070001C', '4111', '1', '0.1100000000', '1575959131197'), ('11631', '2CF7F1201070001C', '4112', '1', '19.4000000000', '1575959131197'), ('11632', '2CF7F15000100124', '4097', '1', '22.0000000000', '1575959199000'), ('11633', '2CF7F15000100124', '4098', '1', '42.0000000000', '1575959199000'), ('11634', '2CF7F15000100138', '4101', '1', '101050.0000000000', '1575959172000'), ('11635', '2CF7F1201070005B', '4110', '1', '51.5000000000', '1575959177647'), ('11636', '2CF7F1201070005B', '4111', '1', '0.1400000000', '1575959177647'), ('11637', '2CF7F1201070005B', '4112', '1', '18.5000000000', '1575959177647'), ('11638', '2CF7F12010700063', '4103', '1', '74.8500000000', '1575959431659'), ('11639', '2CF7F12010700063', '4102', '1', '16.9500000000', '1575959431659'), ('11640', '2CF7F12010700063', '4102', '1', '16.9500000000', '1575959413915'), ('11641', '2CF7F12010700063', '4103', '1', '74.8500000000', '1575959413915'), ('11642', '2CF7F1201070001C', '4110', '1', '49.7000000000', '1575959443465'), ('11643', '2CF7F1201070001C', '4112', '1', '19.0000000000', '1575959443465'), ('11644', '2CF7F1201070001C', '4111', '1', '0.1100000000', '1575959443465'), ('11645', '2CF7F15000100138', '4101', '1', '101048.0000000000', '1575959478000'), ('11646', '2CF7F1201070005B', '4110', '1', '51.6000000000', '1575959482683'), ('11647', '2CF7F1201070005B', '4112', '1', '18.3000000000', '1575959482683'), ('11648', '2CF7F1201070005B', '4111', '1', '0.1400000000', '1575959482683'), ('11649', '2CF7F12010700074', '4099', '1', '0.0000000000', '1575959482894'), ('11650', '2CF7F12010700074', '4099', '1', '0.0000000000', '1575959493224'), ('11651', '2CF7F12010700074', '4099', '1', '0.0000000000', '1575959510783'), ('11652', '2CF7F15000100124', '4097', '1', '22.0000000000', '1575959506000'), ('11653', '2CF7F15000100124', '4098', '1', '43.0000000000', '1575959506000'), ('11654', '2CF7F1201070001C', '4111', '1', '0.1100000000', '1575959750673'), ('11655', '2CF7F1201070001C', '4110', '1', '49.7000000000', '1575959750673'), ('11656', '2CF7F1201070001C', '4112', '1', '18.8000000000', '1575959750673'), ('11657', '2CF7F12010700063', '4102', '1', '16.9500000000', '1575959753214'), ('11658', '2CF7F12010700063', '4103', '1', '74.8000000000', '1575959753214'), ('11659', '2CF7F12010700063', '4102', '1', '16.9500000000', '1575959772858'), ('11660', '2CF7F12010700063', '4103', '1', '74.8000000000', '1575959772858'), ('11661', '2CF7F15000100138', '4101', '1', '101048.0000000000', '1575959784000'), ('11662', '2CF7F1201070005B', '4110', '1', '51.5000000000', '1575959787683'), ('11663', '2CF7F1201070005B', '4112', '1', '18.1000000000', '1575959787683'), ('11664', '2CF7F1201070005B', '4111', '1', '0.1400000000', '1575959787683'), ('11665', '2CF7F12210400023', '4099', '1', '0.0000000000', '1575959811295'), ('11666', '2CF7F15000100124', '4097', '1', '22.0000000000', '1575959813000'), ('11667', '2CF7F15000100124', '4098', '1', '43.0000000000', '1575959813000'), ('11668', '2CF7F1201070001C', '4110', '1', '49.7000000000', '1575960056465'), ('11669', '2CF7F1201070001C', '4112', '1', '18.6000000000', '1575960056465'), ('11670', '2CF7F1201070001C', '4111', '1', '0.1100000000', '1575960056465'), ('11671', '2CF7F12010700063', '4102', '1', '16.9500000000', '1575960075590'), ('11672', '2CF7F12010700063', '4103', '1', '74.8500000000', '1575960075590'), ('11673', '2CF7F15000100138', '4101', '1', '101047.0000000000', '1575960091000'), ('11674', '2CF7F1201070005B', '4110', '1', '51.4000000000', '1575960092679'), ('11675', '2CF7F1201070005B', '4111', '1', '0.1400000000', '1575960092679'), ('11676', '2CF7F1201070005B', '4112', '1', '18.0000000000', '1575960092679'), ('11677', '2CF7F12010700074', '4099', '1', '0.0000000000', '1575960114995'), ('11678', '2CF7F1201070005B', '4110', '1', '51.4000000000', '1575960124316'), ('11679', '2CF7F1201070005B', '4112', '1', '18.0000000000', '1575960124316'), ('11680', '2CF7F1201070005B', '4111', '1', '0.1400000000', '1575960124316'), ('11681', '2CF7F12010700074', '4099', '1', '0.0000000000', '1575960132187'), ('11682', '2CF7F15000100124', '4097', '1', '22.0000000000', '1575960120000'), ('11683', '2CF7F15000100124', '4098', '1', '43.0000000000', '1575960120000'), ('11684', '2CF7F1201070001C', '4110', '1', '49.7000000000', '1575960363839'), ('11685', '2CF7F1201070001C', '4111', '1', '0.1100000000', '1575960363839'), ('11686', '2CF7F1201070001C', '4112', '1', '18.6000000000', '1575960363839'), ('11687', '2CF7F12210400082', '4101', '1', '101053.0000000000', '1575960365976'), ('11688', '2CF7F12010700063', '4102', '1', '17.1000000000', '1575960377960'), ('11689', '2CF7F12010700063', '4103', '1', '74.7500000000', '1575960377960'), ('11690', '2CF7F12210400082', '4101', '1', '101053.0000000000', '1575960383665'), ('11691', '2CF7F15000100138', '4101', '1', '101046.0000000000', '1575960397000'), ('11692', '2CF7F1201070005B', '4110', '1', '51.5000000000', '1575960436728'), ('11693', '2CF7F1201070005B', '4111', '1', '0.1400000000', '1575960436728'), ('11694', '2CF7F1201070005B', '4112', '1', '17.9000000000', '1575960436728'), ('11695', '2CF7F15000100124', '4097', '1', '22.0000000000', '1575960438000'), ('11696', '2CF7F15000100124', '4098', '1', '43.0000000000', '1575960438000'), ('11697', '2CF7F1201070002E', '4097', '1', '19.0000000000', '1575960579126'), ('11698', '2CF7F1201070002E', '4098', '1', '7.0000000000', '1575960579126'), ('11699', '2CF7F1201070001C', '4110', '1', '49.7000000000', '1575960671539'), ('11700', '2CF7F1201070001C', '4111', '1', '0.1100000000', '1575960671539'), ('11701', '2CF7F1201070001C', '4112', '1', '18.5000000000', '1575960671539'), ('11702', '2CF7F12010700063', '4102', '1', '17.1000000000', '1575960680860'), ('11703', '2CF7F12010700063', '4103', '1', '74.7000000000', '1575960680860'), ('11704', '2CF7F15000100138', '4101', '1', '101047.0000000000', '1575960703000'), ('11705', '2CF7F12010700074', '4099', '1', '0.0000000000', '1575960747823'), ('11706', '2CF7F15000100124', '4098', '1', '42.0000000000', '1575960745000'), ('11707', '2CF7F15000100124', '4097', '1', '22.0000000000', '1575960745000'), ('11708', '2CF7F1201070005B', '4110', '1', '51.5000000000', '1575960755968'), ('11709', '2CF7F1201070005B', '4111', '1', '0.1400000000', '1575960755968'), ('11710', '2CF7F1201070005B', '4112', '1', '17.9000000000', '1575960755968'), ('11711', '2CF7F12210400046', '4097', '1', '22.0000000000', '1575960819901'), ('11712', '2CF7F12210400046', '4098', '1', '40.0000000000', '1575960819901'), ('11713', '2CF7F1201070001C', '4110', '1', '49.7000000000', '1575960978269'), ('11714', '2CF7F1201070001C', '4112', '1', '19.3000000000', '1575960978269'), ('11715', '2CF7F1201070001C', '4111', '1', '0.1100000000', '1575960978269'), ('11716', '2CF7F12010700063', '4102', '1', '17.1000000000', '1575960983754'), ('11717', '2CF7F12010700063', '4103', '1', '74.7500000000', '1575960983754'), ('11718', '2CF7F15000100138', '4101', '1', '101036.0000000000', '1575961010000'), ('11719', '2CF7F15000100124', '4098', '1', '42.0000000000', '1575961052000'), ('11720', '2CF7F15000100124', '4097', '1', '22.0000000000', '1575961052000'), ('11721', '2CF7F1201070005B', '4110', '1', '51.3000000000', '1575961062699'), ('11722', '2CF7F1201070005B', '4111', '1', '0.1400000000', '1575961062699'), ('11723', '2CF7F1201070005B', '4112', '1', '18.0000000000', '1575961062699'), ('11724', '2CF7F1201070001C', '4110', '1', '49.7000000000', '1575961285481'), ('11725', '2CF7F1201070001C', '4112', '1', '20.7000000000', '1575961285481'), ('11726', '2CF7F1201070001C', '4111', '1', '0.1100000000', '1575961285481'), ('11727', '2CF7F12010700063', '4102', '1', '17.1500000000', '1575961286662'), ('11728', '2CF7F12010700063', '4103', '1', '74.3000000000', '1575961286662'), ('11729', '2CF7F15000100138', '4101', '1', '101030.0000000000', '1575961316000'), ('11730', '2CF7F12010700074', '4099', '1', '0.0000000000', '1575961349840'), ('11731', '2CF7F15000100124', '4097', '1', '22.0000000000', '1575961361000'), ('11732', '2CF7F15000100124', '4098', '1', '42.0000000000', '1575961361000'), ('11733', '2CF7F1201070005B', '4110', '1', '51.4000000000', '1575961367683'), ('11734', '2CF7F1201070005B', '4112', '1', '18.1000000000', '1575961367683'), ('11735', '2CF7F1201070005B', '4111', '1', '0.1400000000', '1575961367683'), ('11736', '2CF7F12010700063', '4102', '1', '17.2500000000', '1575961591275'), ('11737', '2CF7F1201070001C', '4112', '1', '20.6000000000', '1575961592689'), ('11738', '2CF7F12010700063', '4103', '1', '74.3000000000', '1575961591275'), ('11739', '2CF7F1201070001C', '4110', '1', '49.7000000000', '1575961592689'), ('11740', '2CF7F1201070001C', '4111', '1', '0.1000000000', '1575961592689'), ('11741', '2CF7F12010700063', '4102', '1', '17.2500000000', '1575961610712'), ('11742', '2CF7F12010700063', '4103', '1', '74.3000000000', '1575961610712'), ('11743', '2CF7F15000100138', '4101', '1', '101025.0000000000', '1575961622000'), ('11744', '2CF7F1201070001C', '4110', '1', '49.7000000000', '1575961627518'), ('11745', '2CF7F1201070001C', '4112', '1', '20.6000000000', '1575961627518'), ('11746', '2CF7F1201070001C', '4111', '1', '0.1000000000', '1575961627518'), ('11747', '2CF7F15000100124', '4097', '1', '22.0000000000', '1575961668000'), ('11748', '2CF7F1201070005B', '4111', '1', '0.1400000000', '1575961672725'), ('11749', '2CF7F15000100124', '4098', '1', '42.0000000000', '1575961668000'), ('11750', '2CF7F1201070005B', '4110', '1', '51.4000000000', '1575961672725'), ('11751', '2CF7F1201070005B', '4112', '1', '18.0000000000', '1575961672725'), ('11752', '2CF7F12010700063', '4102', '1', '17.3000000000', '1575961913692'), ('11753', '2CF7F12010700063', '4103', '1', '74.2500000000', '1575961913692'), ('11754', '2CF7F12010700063', '4102', '1', '17.3000000000', '1575961926288'), ('11755', '2CF7F12010700063', '4103', '1', '74.2500000000', '1575961926288'), ('11756', '2CF7F15000100138', '4101', '1', '101019.0000000000', '1575961929000'), ('11757', '2CF7F1201070001C', '4110', '1', '49.7000000000', '1575961938682'), ('11758', '2CF7F1201070001C', '4112', '1', '19.7000000000', '1575961938682'), ('11759', '2CF7F1201070001C', '4111', '1', '0.1100000000', '1575961938682'), ('11760', '2CF7F12010700074', '4099', '1', '0.0000000000', '1575961953527'), ('11761', '2CF7F15000100124', '4097', '1', '22.0000000000', '1575961976000'), ('11762', '2CF7F15000100124', '4098', '1', '42.0000000000', '1575961976000'), ('11763', '2CF7F1201070005B', '4111', '1', '0.1500000000', '1575961977722'), ('11764', '2CF7F1201070005B', '4112', '1', '18.0000000000', '1575961977722'), ('11765', '2CF7F1201070005B', '4110', '1', '51.4000000000', '1575961977722'), ('11766', '2CF7F12010700074', '4099', '1', '0.0000000000', '1575961981855'), ('11767', '2CF7F12010700063', '4102', '1', '17.2500000000', '1575962229195'), ('11768', '2CF7F12010700063', '4103', '1', '74.2500000000', '1575962229195'), ('11769', '2CF7F15000100138', '4101', '1', '101022.0000000000', '1575962235000'), ('11770', '2CF7F1201070001C', '4110', '1', '49.7000000000', '1575962245897'), ('11771', '2CF7F1201070001C', '4112', '1', '19.2000000000', '1575962245897'), ('11772', '2CF7F1201070001C', '4111', '1', '0.1100000000', '1575962245897'), ('11773', '2CF7F1201070005B', '4110', '1', '51.4000000000', '1575962282713'), ('11774', '2CF7F1201070005B', '4112', '1', '18.0000000000', '1575962282713'), ('11775', '2CF7F1201070005B', '4111', '1', '0.1400000000', '1575962282713'), ('11776', '2CF7F15000100124', '4097', '1', '22.0000000000', '1575962283000'), ('11777', '2CF7F15000100124', '4098', '1', '42.0000000000', '1575962283000'), ('11778', '2CF7F1201070003B', '4107', '1', '0.0000000000', '1575962408770'), ('11779', '2CF7F12010700063', '4102', '1', '17.3500000000', '1575962532922'), ('11780', '2CF7F12010700063', '4103', '1', '74.1500000000', '1575962532922'), ('11781', '2CF7F15000100138', '4101', '1', '101015.0000000000', '1575962541000'), ('11782', '2CF7F1201070001C', '4112', '1', '19.6000000000', '1575962567697'), ('11783', '2CF7F1201070001C', '4111', '1', '0.1100000000', '1575962567697'), ('11784', '2CF7F1201070001C', '4110', '1', '49.7000000000', '1575962567697'), ('11785', '2CF7F1201070005B', '4110', '1', '51.2000000000', '1575962587711'), ('11786', '2CF7F1201070005B', '4112', '1', '18.3000000000', '1575962587711'), ('11787', '2CF7F1201070005B', '4111', '1', '0.1400000000', '1575962587711'), ('11788', '2CF7F12010700074', '4099', '1', '0.0000000000', '1575962590672'), ('11789', '2CF7F15000100124', '4097', '1', '22.0000000000', '1575962590000'), ('11790', '2CF7F15000100124', '4098', '1', '42.0000000000', '1575962590000'), ('11791', '2CF7F12010700073', '4107', '1', '0.0000000000', '1575962595630'), ('11792', '2CF7F1201070005B', '4111', '1', '0.1400000000', '1575962600251'), ('11793', '2CF7F1201070005B', '4110', '1', '51.2000000000', '1575962600251'), ('11794', '2CF7F1201070005B', '4112', '1', '18.3000000000', '1575962600251'), ('11795', '2CF7F12010700063', '4102', '1', '17.4000000000', '1575962834988'), ('11796', '2CF7F12010700063', '4103', '1', '74.1000000000', '1575962834988'), ('11797', '2CF7F15000100138', '4101', '1', '101017.0000000000', '1575962848000'), ('11798', '2CF7F1201070001C', '4110', '1', '49.7000000000', '1575962888733'), ('11799', '2CF7F1201070001C', '4111', '1', '0.1100000000', '1575962888733'), ('11800', '2CF7F1201070001C', '4112', '1', '19.7000000000', '1575962888733'), ('11801', '2CF7F15000100124', '4097', '1', '22.0000000000', '1575962897000'), ('11802', '2CF7F15000100124', '4098', '1', '42.0000000000', '1575962897000'), ('11803', '2CF7F1201070005B', '4110', '1', '51.3000000000', '1575962905245'), ('11804', '2CF7F1201070005B', '4112', '1', '18.4000000000', '1575962905245'), ('11805', '2CF7F1201070005B', '4111', '1', '0.1400000000', '1575962905245'), ('11806', '2CF7F12010700063', '4102', '1', '17.4000000000', '1575963137892'), ('11807', '2CF7F12010700063', '4103', '1', '74.1500000000', '1575963137892'), ('11808', '2CF7F15000100138', '4101', '1', '101020.0000000000', '1575963155000'), ('11809', '2CF7F12010700074', '4099', '1', '0.0000000000', '1575963207738'), ('11810', '2CF7F15000100124', '4097', '1', '22.0000000000', '1575963204000'), ('11811', '2CF7F15000100124', '4098', '1', '42.0000000000', '1575963204000'), ('11812', '2CF7F1201070005B', '4110', '1', '51.3000000000', '1575963210245'), ('11813', '2CF7F1201070005B', '4112', '1', '18.5000000000', '1575963210245'), ('11814', '2CF7F1201070005B', '4111', '1', '0.1400000000', '1575963210245'), ('11815', '2CF7F1201070001C', '4110', '1', '49.7000000000', '1575963214284'), ('11816', '2CF7F1201070001C', '4112', '1', '19.9000000000', '1575963214284'), ('11817', '2CF7F1201070001C', '4111', '1', '0.1000000000', '1575963214284'), ('11818', '2CF7F12010700074', '4099', '1', '0.0000000000', '1575963194378'), ('11819', '2CF7F12210400023', '4099', '1', '0.0000000000', '1575963415908'), ('11820', '2CF7F12210400023', '4099', '1', '0.0000000000', '1575963415916'), ('11821', '2CF7F12210400023', '4099', '1', '0.0000000000', '1575963433771'), ('11822', '2CF7F12010700063', '4102', '1', '17.4000000000', '1575963440790'), ('11823', '2CF7F12010700063', '4103', '1', '74.2000000000', '1575963440790'), ('11824', '2CF7F15000100138', '4101', '1', '101021.0000000000', '1575963461000'), ('11825', '2CF7F15000100124', '4097', '1', '22.0000000000', '1575963512000'), ('11826', '2CF7F1201070005B', '4110', '1', '51.3000000000', '1575963515232'), ('11827', '2CF7F1201070005B', '4112', '1', '18.4000000000', '1575963515232'), ('11828', '2CF7F1201070005B', '4111', '1', '0.1400000000', '1575963515232'), ('11829', '2CF7F15000100124', '4098', '1', '42.0000000000', '1575963512000'), ('11830', '2CF7F1201070001C', '4110', '1', '49.7000000000', '1575963521492'), ('11831', '2CF7F1201070001C', '4111', '1', '0.1100000000', '1575963521492'), ('11832', '2CF7F1201070001C', '4112', '1', '19.6000000000', '1575963521492'), ('11833', '2CF7F12010700063', '4102', '1', '17.5000000000', '1575963743676'), ('11834', '2CF7F12010700063', '4103', '1', '74.0000000000', '1575963743676'), ('11835', '2CF7F15000100138', '4101', '1', '101023.0000000000', '1575963767000'), ('11836', '2CF7F12010700074', '4099', '1', '0.0000000000', '1575963809480'), ('11837', '2CF7F1201070005B', '4110', '1', '51.2000000000', '1575963820222'), ('11838', '2CF7F1201070005B', '4112', '1', '18.4000000000', '1575963820222'), ('11839', '2CF7F1201070005B', '4111', '1', '0.1400000000', '1575963820222'), ('11840', '2CF7F12010700074', '4099', '1', '0.0000000000', '1575963824445'), ('11841', '2CF7F1201070001C', '4110', '1', '49.7000000000', '1575963828696'), ('11842', '2CF7F1201070001C', '4112', '1', '19.5000000000', '1575963828696'), ('11843', '2CF7F1201070001C', '4111', '1', '0.1100000000', '1575963828696'), ('11844', '2CF7F15000100124', '4097', '1', '22.0000000000', '1575963819000'), ('11845', '2CF7F15000100124', '4098', '1', '41.0000000000', '1575963819000'), ('11846', '2CF7F12210400082', '4101', '1', '101024.0000000000', '1575963988674'), ('11847', '2CF7F12010700063', '4102', '1', '17.4500000000', '1575964046571'), ('11848', '2CF7F12010700063', '4103', '1', '74.2000000000', '1575964046571'), ('11849', '2CF7F15000100138', '4101', '1', '101021.0000000000', '1575964074000'), ('11850', '2CF7F1201070005B', '4110', '1', '51.2000000000', '1575964125217'), ('11851', '2CF7F1201070005B', '4111', '1', '0.1400000000', '1575964125217'), ('11852', '2CF7F1201070005B', '4112', '1', '18.4000000000', '1575964125217'), ('11853', '2CF7F15000100124', '4097', '1', '22.0000000000', '1575964126000'), ('11854', '2CF7F15000100124', '4098', '1', '42.0000000000', '1575964126000'), ('11855', '2CF7F1201070001C', '4110', '1', '49.7000000000', '1575964135903'), ('11856', '2CF7F1201070001C', '4111', '1', '0.1100000000', '1575964135903'), ('11857', '2CF7F1201070001C', '4112', '1', '19.6000000000', '1575964135903'), ('11858', '2CF7F15000100138', '4101', '1', '101014.0000000000', '1575964380000'), ('11859', '2CF7F12010700063', '4103', '1', '74.0000000000', '1575964349468'), ('11860', '2CF7F12010700063', '4102', '1', '17.4500000000', '1575964349468'), ('11861', '2CF7F12210400046', '4097', '1', '22.0000000000', '1575964424197'), ('11862', '2CF7F12210400046', '4098', '1', '39.0000000000', '1575964424197'), ('11863', '2CF7F12010700074', '4099', '1', '0.0000000000', '1575964426417'), ('11864', '2CF7F1201070005B', '4110', '1', '51.2000000000', '1575964430245'), ('11865', '2CF7F1201070005B', '4111', '1', '0.1400000000', '1575964430245'), ('11866', '2CF7F1201070005B', '4112', '1', '18.5000000000', '1575964430245'), ('11867', '2CF7F15000100124', '4097', '1', '22.0000000000', '1575964433000'), ('11868', '2CF7F15000100124', '4098', '1', '41.0000000000', '1575964433000'), ('11869', '2CF7F1201070001C', '4110', '1', '49.7000000000', '1575964443108'), ('11870', '2CF7F1201070001C', '4111', '1', '0.1000000000', '1575964443108'), ('11871', '2CF7F1201070001C', '4112', '1', '19.8000000000', '1575964443108'), ('11872', '2CF7F1201070001C', '4110', '1', '49.7000000000', '1575964458792'), ('11873', '2CF7F1201070001C', '4111', '1', '0.1000000000', '1575964458792'), ('11874', '2CF7F1201070001C', '4112', '1', '19.8000000000', '1575964458792'), ('11875', '2CF7F12010700063', '4102', '1', '17.7000000000', '1575964652451'), ('11876', '2CF7F12010700063', '4103', '1', '73.9000000000', '1575964652451'), ('11877', '2CF7F15000100138', '4101', '1', '101016.0000000000', '1575964686000'), ('11878', '2CF7F1201070005B', '4110', '1', '51.1000000000', '1575964735240'), ('11879', '2CF7F1201070005B', '4112', '1', '18.6000000000', '1575964735240'), ('11880', '2CF7F1201070005B', '4111', '1', '0.1400000000', '1575964735240'), ('11881', '2CF7F15000100124', '4097', '1', '22.0000000000', '1575964740000'), ('11882', '2CF7F15000100124', '4098', '1', '41.0000000000', '1575964740000'), ('11883', '2CF7F1201070001C', '4110', '1', '49.7000000000', '1575964766163'), ('11884', '2CF7F1201070001C', '4111', '1', '0.1000000000', '1575964766163'), ('11885', '2CF7F1201070001C', '4112', '1', '19.8000000000', '1575964766163'), ('11886', '2CF7F12010700063', '4102', '1', '17.7000000000', '1575964955350'), ('11887', '2CF7F12010700063', '4103', '1', '73.9000000000', '1575964955350'), ('11888', '2CF7F15000100138', '4101', '1', '101014.0000000000', '1575964993000'), ('11889', '2CF7F12010700074', '4099', '1', '0.0000000000', '1575965028443'), ('11890', '2CF7F1201070005B', '4110', '1', '51.2000000000', '1575965040237'), ('11891', '2CF7F1201070005B', '4112', '1', '18.7000000000', '1575965040237'), ('11892', '2CF7F1201070005B', '4111', '1', '0.1400000000', '1575965040237'), ('11893', '2CF7F15000100124', '4097', '1', '22.0000000000', '1575965048000'), ('11894', '2CF7F15000100124', '4098', '1', '41.0000000000', '1575965048000'), ('11895', '2CF7F1201070001C', '4110', '1', '49.7000000000', '1575965073376'), ('11896', '2CF7F1201070001C', '4112', '1', '20.0000000000', '1575965073376'), ('11897', '2CF7F1201070001C', '4111', '1', '0.1100000000', '1575965073376'), ('11898', '2CF7F12010700063', '4102', '1', '17.7000000000', '1575965275769'), ('11899', '2CF7F12010700063', '4103', '1', '73.7500000000', '1575965275769'), ('11900', '2CF7F15000100138', '4101', '1', '101015.0000000000', '1575965299000'), ('11901', '2CF7F1201070005B', '4110', '1', '51.2000000000', '1575965345233'), ('11902', '2CF7F1201070005B', '4111', '1', '0.1400000000', '1575965345233'), ('11903', '2CF7F1201070005B', '4112', '1', '18.6000000000', '1575965345233'), ('11904', '2CF7F15000100124', '4098', '1', '41.0000000000', '1575965355000'), ('11905', '2CF7F15000100124', '4097', '1', '22.0000000000', '1575965355000'), ('11906', '2CF7F1201070001C', '4112', '1', '19.6000000000', '1575965380597'), ('11907', '2CF7F1201070001C', '4110', '1', '49.7000000000', '1575965380597'), ('11908', '2CF7F1201070001C', '4111', '1', '0.1100000000', '1575965380597'), ('11909', '2CF7F12010700063', '4102', '1', '17.7500000000', '1575965578697'), ('11910', '2CF7F12010700063', '4103', '1', '73.9000000000', '1575965578697'), ('11911', '2CF7F15000100138', '4101', '1', '101014.0000000000', '1575965605000'), ('11912', '2CF7F1201070005B', '4110', '1', '51.1000000000', '1575965650258'), ('11913', '2CF7F12010700074', '4099', '1', '0.0000000000', '1575965630448'), ('11914', '2CF7F1201070005B', '4111', '1', '0.1400000000', '1575965650258'), ('11915', '2CF7F1201070005B', '4112', '1', '18.4000000000', '1575965650258'), ('11916', '2CF7F15000100124', '4097', '1', '22.0000000000', '1575965662000'), ('11917', '2CF7F15000100124', '4098', '1', '41.0000000000', '1575965662000'), ('11918', '2CF7F12010700063', '4103', '1', '73.5000000000', '1575965881614'), ('11919', '2CF7F12010700063', '4102', '1', '17.7500000000', '1575965881614'), ('11920', '2CF7F15000100138', '4101', '1', '101009.0000000000', '1575965912000'), ('11921', '2CF7F1201070005B', '4110', '1', '51.1000000000', '1575965955266'), ('11922', '2CF7F1201070005B', '4111', '1', '0.1400000000', '1575965955266'), ('11923', '2CF7F1201070005B', '4112', '1', '18.2000000000', '1575965955266'), ('11924', '2CF7F15000100124', '4098', '1', '41.0000000000', '1575965969000'), ('11925', '2CF7F15000100124', '4097', '1', '22.0000000000', '1575965969000'), ('11926', '2CF7F1201070003B', '4107', '1', '0.0000000000', '1575966026219'), ('11927', '2CF7F1201070001C', '4110', '1', '49.7000000000', '1575966032421'), ('11928', '2CF7F1201070001C', '4111', '1', '0.1100000000', '1575966032421'), ('11929', '2CF7F1201070001C', '4112', '1', '19.0000000000', '1575966032421'), ('11930', '2CF7F12010700063', '4102', '1', '17.8500000000', '1575966184521'), ('11931', '2CF7F12010700063', '4103', '1', '73.4500000000', '1575966184521'), ('11932', '2CF7F12010700073', '4107', '1', '0.0000000000', '1575966197796'), ('11933', '2CF7F15000100138', '4101', '1', '101014.0000000000', '1575966218000'), ('11934', '2CF7F12010700074', '4099', '1', '0.0000000000', '1575966232452'), ('11935', '2CF7F1201070005B', '4112', '1', '18.1000000000', '1575966260278'), ('11936', '2CF7F1201070005B', '4111', '1', '0.1400000000', '1575966260278'), ('11937', '2CF7F1201070005B', '4110', '1', '51.0000000000', '1575966260278'), ('11938', '2CF7F15000100124', '4097', '1', '22.0000000000', '1575966276000'), ('11939', '2CF7F15000100124', '4098', '1', '41.0000000000', '1575966276000'), ('11940', '2CF7F1201070001C', '4110', '1', '49.7000000000', '1575966339644'), ('11941', '2CF7F1201070001C', '4112', '1', '18.8000000000', '1575966339644'), ('11942', '2CF7F1201070001C', '4111', '1', '0.1100000000', '1575966339644'), ('11943', '2CF7F12010700063', '4102', '1', '17.9000000000', '1575966487431'), ('11944', '2CF7F12010700063', '4103', '1', '73.4000000000', '1575966487431'), ('11945', '2CF7F15000100138', '4101', '1', '101015.0000000000', '1575966524000'), ('11946', '2CF7F1201070005B', '4110', '1', '51.0000000000', '1575966565286'), ('11947', '2CF7F1201070005B', '4112', '1', '18.0000000000', '1575966565286'), ('11948', '2CF7F1201070005B', '4111', '1', '0.1400000000', '1575966565286'), ('11949', '2CF7F15000100124', '4097', '1', '22.0000000000', '1575966584000'), ('11950', '2CF7F15000100124', '4098', '1', '41.0000000000', '1575966584000'), ('11951', '2CF7F1201070005B', '4110', '1', '51.0000000000', '1575966596934'), ('11952', '2CF7F1201070005B', '4111', '1', '0.1400000000', '1575966596934'), ('11953', '2CF7F1201070005B', '4112', '1', '18.0000000000', '1575966596934'), ('11954', '2CF7F1201070001C', '4110', '1', '49.7000000000', '1575966646870'), ('11955', '2CF7F1201070001C', '4111', '1', '0.1100000000', '1575966646870'), ('11956', '2CF7F1201070001C', '4112', '1', '18.8000000000', '1575966646870'), ('11957', '2CF7F12010700063', '4102', '1', '17.9000000000', '1575966790336'), ('11958', '2CF7F12010700063', '4103', '1', '73.4000000000', '1575966790336'), ('11959', '2CF7F12010700074', '4099', '1', '0.0000000000', '1575966834437'), ('11960', '2CF7F15000100138', '4101', '1', '101011.0000000000', '1575966831000'), ('11961', '2CF7F15000100124', '4097', '1', '22.0000000000', '1575966891000'), ('11962', '2CF7F15000100124', '4098', '1', '41.0000000000', '1575966891000'), ('11963', '2CF7F1201070005B', '4110', '1', '51.0000000000', '1575966909579'), ('11964', '2CF7F1201070005B', '4111', '1', '0.1400000000', '1575966909579'), ('11965', '2CF7F1201070005B', '4112', '1', '18.1000000000', '1575966909579');
INSERT INTO `tb_node_measure_values` VALUES ('11966', '2CF7F1201070001C', '4110', '1', '49.7000000000', '1575966954886'), ('11967', '2CF7F1201070001C', '4111', '1', '0.1100000000', '1575966954886'), ('11968', '2CF7F1201070001C', '4112', '1', '18.8000000000', '1575966954886'), ('11969', '2CF7F1201070003B', '4107', '1', '2.0000000000', '1575966965104'), ('11970', '2CF7F12210400023', '4099', '1', '0.0000000000', '1575967038661'), ('11971', '2CF7F12010700063', '4102', '1', '18.1000000000', '1575967093234'), ('11972', '2CF7F12010700063', '4103', '1', '73.2000000000', '1575967093234'), ('11973', '2CF7F12010700073', '4107', '1', '17.0000000000', '1575967126564'), ('11974', '2CF7F15000100138', '4101', '1', '101009.0000000000', '1575967137000'), ('11975', '2CF7F15000100124', '4097', '1', '22.0000000000', '1575967208000'), ('11976', '2CF7F15000100124', '4098', '1', '41.0000000000', '1575967208000'), ('11977', '2CF7F1201070005B', '4110', '1', '51.0000000000', '1575967214581'), ('11978', '2CF7F1201070005B', '4112', '1', '18.1000000000', '1575967214581'), ('11979', '2CF7F1201070005B', '4111', '1', '0.1400000000', '1575967214581'), ('11980', '2CF7F1201070005B', '4112', '1', '18.1000000000', '1575967226115'), ('11981', '2CF7F1201070005B', '4111', '1', '0.1400000000', '1575967226115'), ('11982', '2CF7F1201070005B', '4110', '1', '51.0000000000', '1575967226115'), ('11983', '2CF7F1201070001C', '4110', '1', '49.7000000000', '1575967261463'), ('11984', '2CF7F1201070001C', '4112', '1', '18.7000000000', '1575967261463'), ('11985', '2CF7F1201070001C', '4111', '1', '0.1100000000', '1575967261463'), ('11986', '2CF7F1201070003B', '4107', '1', '0.0000000000', '1575967281489'), ('11987', '2CF7F12010700063', '4102', '1', '18.1000000000', '1575967396223'), ('11988', '2CF7F12010700063', '4103', '1', '73.3500000000', '1575967396223'), ('11989', '2CF7F12010700073', '4107', '1', '0.0000000000', '1575967428220'), ('11990', '2CF7F12010700074', '4099', '1', '0.0000000000', '1575967436422'), ('11991', '2CF7F12010700073', '4107', '1', '0.0000000000', '1575967443827'), ('11992', '2CF7F15000100138', '4101', '1', '101020.0000000000', '1575967443000'), ('11993', '2CF7F15000100124', '4097', '1', '22.0000000000', '1575967515000'), ('11994', '2CF7F15000100124', '4098', '1', '40.0000000000', '1575967515000'), ('11995', '2CF7F1201070005B', '4110', '1', '50.9000000000', '1575967531104'), ('11996', '2CF7F1201070005B', '4111', '1', '0.1400000000', '1575967531104'), ('11997', '2CF7F1201070005B', '4112', '1', '18.0000000000', '1575967531104'), ('11998', '2CF7F1201070005B', '4110', '1', '50.9000000000', '1575967547494'), ('11999', '2CF7F1201070005B', '4111', '1', '0.1400000000', '1575967547494'), ('12000', '2CF7F1201070005B', '4112', '1', '18.0000000000', '1575967547494'), ('12001', '2CF7F1201070001C', '4110', '1', '49.7000000000', '1575967568668'), ('12002', '2CF7F1201070001C', '4112', '1', '18.6000000000', '1575967568668'), ('12003', '2CF7F1201070001C', '4111', '1', '0.1100000000', '1575967568668'), ('12004', '2CF7F1201070003B', '4107', '1', '1.0000000000', '1575967583440'), ('12005', '2CF7F12210400082', '4101', '1', '101031.0000000000', '1575967593713'), ('12006', '2CF7F12010700063', '4102', '1', '18.1000000000', '1575967699109'), ('12007', '2CF7F12010700063', '4103', '1', '73.3500000000', '1575967699109'), ('12008', '2CF7F12010700073', '4107', '1', '0.0000000000', '1575967745464'), ('12009', '2CF7F15000100138', '4101', '1', '101022.0000000000', '1575967750000'), ('12010', '2CF7F12010700073', '4107', '1', '0.0000000000', '1575967759374'), ('12011', '2CF7F15000100124', '4097', '1', '22.0000000000', '1575967823000'), ('12012', '2CF7F15000100124', '4098', '1', '40.0000000000', '1575967823000'), ('12013', '2CF7F1201070005B', '4110', '1', '51.0000000000', '1575967852479'), ('12014', '2CF7F1201070005B', '4111', '1', '0.1400000000', '1575967852479'), ('12015', '2CF7F1201070005B', '4112', '1', '17.9000000000', '1575967852479'), ('12016', '2CF7F1201070001C', '4110', '1', '49.7000000000', '1575967875875'), ('12017', '2CF7F1201070001C', '4112', '1', '18.7000000000', '1575967875875'), ('12018', '2CF7F1201070001C', '4111', '1', '0.1100000000', '1575967875875'), ('12019', '2CF7F1201070003B', '4107', '1', '1.0000000000', '1575967885437'), ('12020', '2CF7F12010700063', '4103', '1', '73.3500000000', '1575968002349'), ('12021', '2CF7F12010700063', '4102', '1', '18.1000000000', '1575968002349'), ('12022', '2CF7F12210400046', '4097', '1', '22.0000000000', '1575968029334'), ('12023', '2CF7F12210400046', '4098', '1', '38.0000000000', '1575968029334'), ('12024', '2CF7F12010700074', '4099', '1', '0.0000000000', '1575968038386'), ('12025', '2CF7F15000100138', '4101', '1', '101028.0000000000', '1575968056000'), ('12026', '2CF7F12010700073', '4107', '1', '0.0000000000', '1575968061220'), ('12027', '2CF7F15000100124', '4097', '1', '22.0000000000', '1575968130000'), ('12028', '2CF7F15000100124', '4098', '1', '40.0000000000', '1575968130000'), ('12029', '2CF7F1201070005B', '4110', '1', '50.9000000000', '1575968157473'), ('12030', '2CF7F1201070005B', '4111', '1', '0.1400000000', '1575968157473'), ('12031', '2CF7F1201070005B', '4112', '1', '18.0000000000', '1575968157473'), ('12032', '2CF7F1201070001C', '4110', '1', '49.6000000000', '1575968183881'), ('12033', '2CF7F1201070001C', '4111', '1', '0.1100000000', '1575968183881'), ('12034', '2CF7F1201070001C', '4112', '1', '18.7000000000', '1575968183881'), ('12035', '2CF7F1201070003B', '4107', '1', '4.0000000000', '1575968187396'), ('12036', '2CF7F12010700063', '4102', '1', '18.1500000000', '1575968304904'), ('12037', '2CF7F12010700063', '4103', '1', '73.3000000000', '1575968304904'), ('12038', '2CF7F15000100138', '4101', '1', '101032.0000000000', '1575968362000'), ('12039', '2CF7F12010700073', '4107', '1', '2.0000000000', '1575968375786'), ('12040', '2CF7F15000100124', '4097', '1', '22.0000000000', '1575968437000'), ('12041', '2CF7F15000100124', '4098', '1', '41.0000000000', '1575968437000'), ('12042', '2CF7F1201070005B', '4112', '1', '18.0000000000', '1575968462479'), ('12043', '2CF7F1201070005B', '4111', '1', '0.1400000000', '1575968462479'), ('12044', '2CF7F1201070005B', '4110', '1', '51.0000000000', '1575968462479'), ('12045', '2CF7F1201070003B', '4107', '1', '4.0000000000', '1575968489349'), ('12046', '2CF7F1201070003B', '4107', '1', '4.0000000000', '1575968504112'), ('12047', '2CF7F1201070001C', '4110', '1', '49.7000000000', '1575968524539'), ('12048', '2CF7F1201070001C', '4111', '1', '0.1100000000', '1575968524539'), ('12049', '2CF7F1201070001C', '4112', '1', '18.6000000000', '1575968524539'), ('12050', '2CF7F12010700063', '4102', '1', '18.2000000000', '1575968618644'), ('12051', '2CF7F12010700063', '4103', '1', '73.2000000000', '1575968618644'), ('12052', '2CF7F15000100138', '4101', '1', '101030.0000000000', '1575968669000'), ('12053', '2CF7F15000100124', '4097', '1', '22.0000000000', '1575968744000'), ('12054', '2CF7F15000100124', '4098', '1', '41.0000000000', '1575968744000'), ('12055', '2CF7F1201070005B', '4110', '1', '50.9000000000', '1575968767477'), ('12056', '2CF7F1201070005B', '4111', '1', '0.1400000000', '1575968767477'), ('12057', '2CF7F1201070005B', '4112', '1', '17.9000000000', '1575968767477'), ('12058', '2CF7F1201070003B', '4107', '1', '3.0000000000', '1575968806705'), ('12059', '2CF7F1201070001C', '4110', '1', '49.6000000000', '1575968832780'), ('12060', '2CF7F1201070001C', '4112', '1', '18.5000000000', '1575968832780'), ('12061', '2CF7F1201070001C', '4111', '1', '0.1100000000', '1575968832780'), ('12062', '2CF7F12010700063', '4102', '1', '18.2500000000', '1575968935956'), ('12063', '2CF7F12010700063', '4103', '1', '73.3500000000', '1575968935956'), ('12064', '2CF7F15000100138', '4101', '1', '101030.0000000000', '1575968975000'), ('12065', '2CF7F12010700073', '4107', '1', '2.0000000000', '1575969024609'), ('12066', '2CF7F15000100124', '4097', '1', '22.0000000000', '1575969051000'), ('12067', '2CF7F15000100124', '4098', '1', '41.0000000000', '1575969051000'), ('12068', '2CF7F1201070005B', '4110', '1', '50.9000000000', '1575969072473'), ('12069', '2CF7F1201070005B', '4111', '1', '0.1400000000', '1575969072473'), ('12070', '2CF7F1201070005B', '4112', '1', '17.9000000000', '1575969072473'), ('12071', '2CF7F1201070003B', '4107', '1', '208.0000000000', '1575969108368'), ('12072', '2CF7F1201070001C', '4110', '1', '49.6000000000', '1575969139996'), ('12073', '2CF7F1201070001C', '4111', '1', '0.1100000000', '1575969139996'), ('12074', '2CF7F1201070001C', '4112', '1', '18.4000000000', '1575969139996'), ('12075', '2CF7F12010700063', '4102', '1', '18.2000000000', '1575969238860'), ('12076', '2CF7F12010700063', '4103', '1', '73.1500000000', '1575969238860'), ('12077', '2CF7F12010700063', '4102', '1', '18.2000000000', '1575969252948'), ('12078', '2CF7F12010700063', '4103', '1', '73.1500000000', '1575969252948'), ('12079', '2CF7F15000100138', '4101', '1', '101030.0000000000', '1575969281000'), ('12080', '2CF7F12010700073', '4107', '1', '212.0000000000', '1575969326268'), ('12081', '2CF7F15000100124', '4097', '1', '22.0000000000', '1575969359000'), ('12082', '2CF7F15000100124', '4098', '1', '41.0000000000', '1575969359000'), ('12083', '2CF7F1201070005B', '4110', '1', '50.9000000000', '1575969377506'), ('12084', '2CF7F1201070005B', '4111', '1', '0.1400000000', '1575969377506'), ('12085', '2CF7F1201070005B', '4112', '1', '17.8000000000', '1575969377506'), ('12086', '2CF7F1201070005B', '4110', '1', '50.9000000000', '1575969391836'), ('12087', '2CF7F1201070005B', '4112', '1', '17.8000000000', '1575969391836'), ('12088', '2CF7F1201070005B', '4111', '1', '0.1400000000', '1575969391836'), ('12089', '2CF7F12010700074', '4099', '1', '6773.7600000000', '1575969513955'), ('12090', '2CF7F12010700063', '4102', '1', '18.1500000000', '1575969555922'), ('12091', '2CF7F12010700063', '4103', '1', '73.3000000000', '1575969555922'), ('12092', '2CF7F15000100138', '4101', '1', '101031.0000000000', '1575969588000'), ('12093', '2CF7F12010700073', '4107', '1', '218.0000000000', '1575969660382'), ('12094', '2CF7F15000100124', '4097', '1', '22.0000000000', '1575969666000'), ('12095', '2CF7F15000100124', '4098', '1', '41.0000000000', '1575969666000'), ('12096', '2CF7F1201070005B', '4110', '1', '50.9000000000', '1575969696838'), ('12097', '2CF7F1201070005B', '4112', '1', '17.8000000000', '1575969696838'), ('12098', '2CF7F1201070005B', '4111', '1', '0.1400000000', '1575969696838'), ('12099', '2CF7F1201070003B', '4107', '1', '208.0000000000', '1575969746536'), ('12100', '2CF7F1201070001C', '4112', '1', '18.4000000000', '1575969796269'), ('12101', '2CF7F1201070001C', '4111', '1', '0.1100000000', '1575969796269'), ('12102', '2CF7F1201070001C', '4110', '1', '49.6000000000', '1575969796269'), ('12103', '2CF7F12010700063', '4102', '1', '18.3000000000', '1575969891461'), ('12104', '2CF7F12010700063', '4103', '1', '73.1500000000', '1575969891461'), ('12105', '2CF7F15000100138', '4101', '1', '101041.0000000000', '1575969894000'), ('12106', '2CF7F15000100124', '4097', '1', '22.0000000000', '1575969973000'), ('12107', '2CF7F15000100124', '4098', '1', '41.0000000000', '1575969973000'), ('12108', '2CF7F1201070005B', '4110', '1', '50.8000000000', '1575970001835'), ('12109', '2CF7F1201070005B', '4111', '1', '0.1400000000', '1575970001835'), ('12110', '2CF7F1201070005B', '4112', '1', '17.8000000000', '1575970001835'), ('12111', '2CF7F1201070005B', '4110', '1', '50.8000000000', '1575970019256'), ('12112', '2CF7F1201070005B', '4111', '1', '0.1400000000', '1575970019256'), ('12113', '2CF7F1201070005B', '4112', '1', '17.8000000000', '1575970019256'), ('12114', '2CF7F1201070003B', '4107', '1', '209.0000000000', '1575970060269'), ('12115', '2CF7F1201070003B', '4107', '1', '209.0000000000', '1575970078105'), ('12116', '2CF7F1201070001C', '4110', '1', '49.6000000000', '1575970103493'), ('12117', '2CF7F1201070001C', '4112', '1', '18.3000000000', '1575970103493'), ('12118', '2CF7F1201070001C', '4111', '1', '0.1100000000', '1575970103493'), ('12119', '2CF7F12010700074', '4099', '1', '7568.6400000000', '1575970117385'), ('12120', '2CF7F12010700063', '4102', '1', '18.3000000000', '1575970200580'), ('12121', '2CF7F12010700063', '4103', '1', '73.1500000000', '1575970200580'), ('12122', '2CF7F15000100138', '4101', '1', '101042.0000000000', '1575970200000'), ('12123', '2CF7F12010700063', '4102', '1', '18.3000000000', '1575970233466'), ('12124', '2CF7F12010700063', '4103', '1', '73.1500000000', '1575970233466'), ('12125', '2CF7F15000100124', '4097', '1', '22.0000000000', '1575970280000'), ('12126', '2CF7F15000100124', '4098', '1', '41.0000000000', '1575970280000'), ('12127', '2CF7F1201070005B', '4110', '1', '50.9000000000', '1575970324253'), ('12128', '2CF7F1201070005B', '4111', '1', '0.1400000000', '1575970324253'), ('12129', '2CF7F1201070005B', '4112', '1', '17.7000000000', '1575970324253'), ('12130', '2CF7F1201070001C', '4110', '1', '49.6000000000', '1575970407668'), ('12131', '2CF7F1201070001C', '4112', '1', '18.3000000000', '1575970407668'), ('12132', '2CF7F1201070001C', '4111', '1', '0.1100000000', '1575970407668'), ('12133', '2CF7F15000100138', '4101', '1', '101050.0000000000', '1575970507000'), ('12134', '2CF7F12010700063', '4102', '1', '18.3000000000', '1575970570516'), ('12135', '2CF7F12010700063', '4103', '1', '73.1500000000', '1575970570516'), ('12136', '2CF7F15000100124', '4097', '1', '22.0000000000', '1575970588000'), ('12137', '2CF7F15000100124', '4098', '1', '41.0000000000', '1575970588000'), ('12138', '2CF7F1201070005B', '4110', '1', '50.9000000000', '1575970629248'), ('12139', '2CF7F1201070005B', '4112', '1', '17.7000000000', '1575970629248'), ('12140', '2CF7F1201070005B', '4111', '1', '0.1400000000', '1575970629248'), ('12141', '2CF7F12210400023', '4099', '1', '0.0000000000', '1575970643400'), ('12142', '2CF7F12210400023', '4099', '1', '0.0000000000', '1575970661814'), ('12143', '2CF7F1201070001C', '4111', '1', '0.1100000000', '1575970714882'), ('12144', '2CF7F1201070001C', '4110', '1', '49.6000000000', '1575970714882'), ('12145', '2CF7F1201070001C', '4112', '1', '18.2000000000', '1575970714882'), ('12146', '2CF7F12010700074', '4099', '1', '8121.6000000000', '1575970721263'), ('12147', '2CF7F12010700074', '4099', '1', '8121.6000000000', '1575970739486'), ('12148', '2CF7F15000100138', '4101', '1', '101057.0000000000', '1575970814000'), ('12149', '2CF7F12010700063', '4102', '1', '18.3000000000', '1575970897555'), ('12150', '2CF7F12010700063', '4103', '1', '72.8500000000', '1575970897555'), ('12151', '2CF7F15000100124', '4098', '1', '41.0000000000', '1575970895000'), ('12152', '2CF7F15000100124', '4097', '1', '22.0000000000', '1575970895000'), ('12153', '2CF7F1201070005B', '4110', '1', '50.9000000000', '1575970934250'), ('12154', '2CF7F1201070005B', '4111', '1', '0.1400000000', '1575970934250'), ('12155', '2CF7F1201070005B', '4112', '1', '17.6000000000', '1575970934250'), ('12156', '2CF7F1201070001C', '4110', '1', '49.6000000000', '1575971022106'), ('12157', '2CF7F1201070001C', '4111', '1', '0.1100000000', '1575971022106'), ('12158', '2CF7F1201070001C', '4112', '1', '18.2000000000', '1575971022106'), ('12159', '2CF7F15000100138', '4101', '1', '101056.0000000000', '1575971120000'), ('12160', '2CF7F12210400082', '4101', '1', '101064.0000000000', '1575971198729'), ('12161', '2CF7F12010700063', '4102', '1', '18.3000000000', '1575971200455'), ('12162', '2CF7F12010700063', '4103', '1', '72.9500000000', '1575971200455'), ('12163', '2CF7F15000100124', '4097', '1', '22.0000000000', '1575971202000'), ('12164', '2CF7F15000100124', '4098', '1', '41.0000000000', '1575971202000'), ('12165', '2CF7F1201070005B', '4110', '1', '50.8000000000', '1575971239260'), ('12166', '2CF7F1201070005B', '4111', '1', '0.1400000000', '1575971239260'), ('12167', '2CF7F1201070005B', '4112', '1', '17.6000000000', '1575971239260'), ('12168', '2CF7F1201070001C', '4110', '1', '49.6000000000', '1575971329330'), ('12169', '2CF7F1201070001C', '4111', '1', '0.1100000000', '1575971329330'), ('12170', '2CF7F1201070001C', '4112', '1', '18.1000000000', '1575971329330'), ('12171', '2CF7F12010700074', '4099', '1', '8328.9600000000', '1575971343551'), ('12172', '2CF7F15000100138', '4101', '1', '101059.0000000000', '1575971426000'), ('12173', '2CF7F12010700063', '4102', '1', '18.3000000000', '1575971505953'), ('12174', '2CF7F12010700063', '4103', '1', '73.2000000000', '1575971505953'), ('12175', '2CF7F15000100124', '4098', '1', '41.0000000000', '1575971510000'), ('12176', '2CF7F15000100124', '4097', '1', '22.0000000000', '1575971510000'), ('12177', '2CF7F1201070005B', '4110', '1', '50.9000000000', '1575971544263'), ('12178', '2CF7F1201070005B', '4112', '1', '17.6000000000', '1575971544263'), ('12179', '2CF7F1201070005B', '4111', '1', '0.1400000000', '1575971544263'), ('12180', '2CF7F1201070001C', '4110', '1', '49.6000000000', '1575971636540'), ('12181', '2CF7F1201070001C', '4112', '1', '18.2000000000', '1575971636540'), ('12182', '2CF7F1201070001C', '4111', '1', '0.1000000000', '1575971636540'), ('12183', '2CF7F12210400046', '4097', '1', '22.0000000000', '1575971645895'), ('12184', '2CF7F12210400046', '4098', '1', '39.0000000000', '1575971645895'), ('12185', '2CF7F15000100138', '4101', '1', '101051.0000000000', '1575971733000'), ('12186', '2CF7F12010700061', '4097', '1', '19.0000000000', '1577410958654'), ('12187', '2CF7F12010700061', '4098', '1', '45.0000000000', '1577410958654'), ('12188', '2CF7F12010700061', '4097', '1', '19.0000000000', '1577410977980'), ('12189', '2CF7F12010700061', '4098', '1', '45.0000000000', '1577410977980'), ('12190', '2CF7F1201070000D', '4101', '1', '101625.0000000000', '1577410989547'), ('12191', '2CF7F1201070002C', '4097', '1', '18.0000000000', '1577411053126'), ('12192', '2CF7F1201070002C', '4098', '1', '50.0000000000', '1577411053126'), ('12193', '2CF7F1201070002A', '4101', '1', '101586.0000000000', '1577411053245'), ('12194', '2CF7F12010700002', '4098', '1', '40.0000000000', '1577411133730'), ('12195', '2CF7F12010700002', '4097', '1', '23.0000000000', '1577411133730'), ('12196', '2CF7F12010700070', '4101', '1', '101593.0000000000', '1577411137610'), ('12197', '2CF7F12010700029', '4101', '1', '101614.0000000000', '1577411184850'), ('12198', '2CF7F12010700001', '4100', '1', '520.0000000000', '1577411184546'), ('12199', '2CF7F12010700029', '4101', '1', '101614.0000000000', '1577411200933'), ('12200', '2CF7F1201070005D', '4097', '1', '23.0000000000', '1577411214374'), ('12201', '2CF7F1201070005D', '4098', '1', '41.0000000000', '1577411214374'), ('12202', '2CF7F12010700032', '4101', '1', '101625.0000000000', '1577411231464'), ('12203', '2CF7F12010700041', '4101', '1', '101612.0000000000', '1577411237978'), ('12204', '2CF7F12010700061', '4098', '1', '47.0000000000', '1577411278616'), ('12205', '2CF7F12010700061', '4097', '1', '18.0000000000', '1577411278616'), ('12206', '2CF7F1201070000D', '4101', '1', '101628.0000000000', '1577411290920'), ('12207', '2CF7F12010700061', '4097', '1', '18.0000000000', '1577411313564'), ('12208', '2CF7F12010700061', '4098', '1', '47.0000000000', '1577411313564'), ('12209', '2CF7F1201070002C', '4097', '1', '18.0000000000', '1577411354554'), ('12210', '2CF7F1201070002C', '4098', '1', '50.0000000000', '1577411354554'), ('12211', '2CF7F1201070002A', '4101', '1', '101593.0000000000', '1577411358178'), ('12212', '2CF7F1201070002C', '4097', '1', '18.0000000000', '1577411389782'), ('12213', '2CF7F1201070002C', '4098', '1', '50.0000000000', '1577411389782'), ('12214', '2CF7F12010700002', '4097', '1', '23.0000000000', '1577411435158'), ('12215', '2CF7F12010700002', '4098', '1', '39.0000000000', '1577411435158'), ('12216', '2CF7F12010700070', '4101', '1', '101603.0000000000', '1577411438976'), ('12217', '2CF7F12010700029', '4101', '1', '101616.0000000000', '1577411502305'), ('12218', '2CF7F1201070005D', '4097', '1', '23.0000000000', '1577411515813'), ('12219', '2CF7F1201070005D', '4098', '1', '41.0000000000', '1577411515813'), ('12220', '2CF7F12010700001', '4100', '1', '535.0000000000', '1577411525911'), ('12221', '2CF7F12010700032', '4101', '1', '101633.0000000000', '1577411532831'), ('12222', '2CF7F12010700041', '4101', '1', '101622.0000000000', '1577411539349'), ('12223', '2CF7F1201070000D', '4101', '1', '101636.0000000000', '1577411592282'), ('12224', '2CF7F12010700061', '4097', '1', '17.0000000000', '1577411632617'), ('12225', '2CF7F12010700061', '4098', '1', '47.0000000000', '1577411632617'), ('12226', '2CF7F12010700061', '4098', '1', '47.0000000000', '1577411651735'), ('12227', '2CF7F12010700061', '4097', '1', '17.0000000000', '1577411651735'), ('12228', '2CF7F1201070002A', '4101', '1', '101600.0000000000', '1577411662951'), ('12229', '2CF7F1201070002C', '4097', '1', '17.0000000000', '1577411699729'), ('12230', '2CF7F1201070002C', '4098', '1', '51.0000000000', '1577411699729'), ('12231', '2CF7F1201070002C', '4097', '1', '17.0000000000', '1577411729673'), ('12232', '2CF7F1201070002C', '4098', '1', '51.0000000000', '1577411729673'), ('12233', '2CF7F12010700002', '4097', '1', '23.0000000000', '1577411736595'), ('12234', '2CF7F12010700002', '4098', '1', '39.0000000000', '1577411736595'), ('12235', '2CF7F12010700070', '4101', '1', '101606.0000000000', '1577411740353'), ('12236', '2CF7F12010700029', '4101', '1', '101626.0000000000', '1577411803677'), ('12237', '2CF7F1201070005D', '4097', '1', '23.0000000000', '1577411817244'), ('12238', '2CF7F1201070005D', '4098', '1', '41.0000000000', '1577411817244'), ('12239', '2CF7F12010700032', '4101', '1', '101639.0000000000', '1577411834211'), ('12240', '2CF7F12010700041', '4101', '1', '101626.0000000000', '1577411840709'), ('12241', '2CF7F12010700001', '4100', '1', '538.0000000000', '1577411867264'), ('12242', '2CF7F1201070000D', '4101', '1', '101640.0000000000', '1577411893661'), ('12243', '2CF7F12010700061', '4097', '1', '18.0000000000', '1577411958981'), ('12244', '2CF7F12010700061', '4098', '1', '47.0000000000', '1577411958981'), ('12245', '2CF7F1201070002A', '4101', '1', '101606.0000000000', '1577411967731'), ('12246', '2CF7F12010700061', '4097', '1', '18.0000000000', '1577411969697'), ('12247', '2CF7F12010700061', '4098', '1', '47.0000000000', '1577411969697'), ('12248', '2CF7F1201070002C', '4097', '1', '18.0000000000', '1577412036754'), ('12249', '2CF7F12010700002', '4097', '1', '23.0000000000', '1577412038202'), ('12250', '2CF7F1201070002C', '4098', '1', '51.0000000000', '1577412036754'), ('12251', '2CF7F12010700002', '4098', '1', '38.0000000000', '1577412038202'), ('12252', '2CF7F12010700070', '4101', '1', '101613.0000000000', '1577412041729'), ('12253', '2CF7F1201070002C', '4098', '1', '51.0000000000', '1577412049409'), ('12254', '2CF7F1201070002C', '4097', '1', '18.0000000000', '1577412049409'), ('12255', '2CF7F1201070002C', '4097', '1', '18.0000000000', '1577412066996'), ('12256', '2CF7F1201070002C', '4098', '1', '51.0000000000', '1577412066996'), ('12257', '2CF7F12010700029', '4101', '1', '101633.0000000000', '1577412105496'), ('12258', '2CF7F1201070005D', '4097', '1', '23.0000000000', '1577412118676'), ('12259', '2CF7F1201070005D', '4098', '1', '41.0000000000', '1577412118676'), ('12260', '2CF7F12010700032', '4101', '1', '101645.0000000000', '1577412135581'), ('12261', '2CF7F12010700041', '4101', '1', '101626.0000000000', '1577412142829'), ('12262', '2CF7F12010700032', '4101', '1', '101645.0000000000', '1577412149882'), ('12263', '2CF7F1201070000D', '4101', '1', '101638.0000000000', '1577412195280'), ('12264', '2CF7F12010700001', '4100', '1', '526.0000000000', '1577412208603'), ('12265', '2CF7F1201070002A', '4101', '1', '101608.0000000000', '1577412272500'), ('12266', '2CF7F12010700061', '4097', '1', '19.0000000000', '1577412273153'), ('12267', '2CF7F12010700061', '4098', '1', '43.0000000000', '1577412273153'), ('12268', '2CF7F12010700061', '4097', '1', '19.0000000000', '1577412283623'), ('12269', '2CF7F12010700061', '4098', '1', '43.0000000000', '1577412283623'), ('12270', '2CF7F12010700002', '4097', '1', '23.0000000000', '1577412339453'), ('12271', '2CF7F12010700002', '4098', '1', '38.0000000000', '1577412339453'), ('12272', '2CF7F12010700070', '4101', '1', '101609.0000000000', '1577412343102'), ('12273', '2CF7F1201070002C', '4098', '1', '51.0000000000', '1577412389846'), ('12274', '2CF7F1201070002C', '4097', '1', '18.0000000000', '1577412389846'), ('12275', '2CF7F1201070002C', '4097', '1', '18.0000000000', '1577412400744'), ('12276', '2CF7F1201070002C', '4098', '1', '51.0000000000', '1577412400744'), ('12277', '2CF7F12010700029', '4101', '1', '101620.0000000000', '1577412406422'), ('12278', '2CF7F1201070005D', '4097', '1', '23.0000000000', '1577412420110'), ('12279', '2CF7F1201070005D', '4098', '1', '40.0000000000', '1577412420110'), ('12280', '2CF7F12010700041', '4101', '1', '101627.0000000000', '1577412443457'), ('12281', '2CF7F12010700032', '4101', '1', '101639.0000000000', '1577412450456'), ('12282', '2CF7F1201070000D', '4101', '1', '101643.0000000000', '1577412496404'), ('12283', '2CF7F12010700001', '4100', '1', '526.0000000000', '1577412509935'), ('12284', '2CF7F1201070002A', '4101', '1', '101609.0000000000', '1577412577278'), ('12285', '2CF7F12010700061', '4097', '1', '19.0000000000', '1577412585148'), ('12286', '2CF7F12010700061', '4098', '1', '44.0000000000', '1577412585148'), ('12287', '2CF7F12010700061', '4097', '1', '19.0000000000', '1577412603969'), ('12288', '2CF7F12010700061', '4098', '1', '44.0000000000', '1577412603969'), ('12289', '2CF7F12010700061', '4097', '1', '19.0000000000', '1577412615684'), ('12290', '2CF7F12010700061', '4098', '1', '44.0000000000', '1577412615684'), ('12291', '2CF7F12010700002', '4097', '1', '23.0000000000', '1577412640883'), ('12292', '2CF7F12010700002', '4098', '1', '38.0000000000', '1577412640883'), ('12293', '2CF7F12010700070', '4101', '1', '101612.0000000000', '1577412644472'), ('12294', '2CF7F12010700029', '4101', '1', '101620.0000000000', '1577412707689'), ('12295', '2CF7F1201070002C', '4097', '1', '18.0000000000', '1577412710987'), ('12296', '2CF7F1201070002C', '4098', '1', '50.0000000000', '1577412710987'), ('12297', '2CF7F1201070005D', '4097', '1', '23.0000000000', '1577412721560'), ('12298', '2CF7F1201070005D', '4098', '1', '40.0000000000', '1577412721560'), ('12299', '2CF7F1201070002C', '4097', '1', '18.0000000000', '1577412727747'), ('12300', '2CF7F1201070002C', '4098', '1', '50.0000000000', '1577412727747'), ('12301', '2CF7F12010700041', '4101', '1', '101625.0000000000', '1577412744825'), ('12302', '2CF7F12010700032', '4101', '1', '101640.0000000000', '1577412751842'), ('12303', '2CF7F1201070000D', '4101', '1', '101638.0000000000', '1577412797780'), ('12304', '2CF7F12010700001', '4100', '1', '518.0000000000', '1577412851298'), ('12305', '2CF7F1201070002A', '4101', '1', '101601.0000000000', '1577412882458'), ('12306', '2CF7F12010700061', '4097', '1', '20.0000000000', '1577412917754'), ('12307', '2CF7F12010700061', '4098', '1', '42.0000000000', '1577412917754'), ('12308', '2CF7F12010700002', '4097', '1', '23.0000000000', '1577412942314'), ('12309', '2CF7F12010700002', '4098', '1', '38.0000000000', '1577412942314'), ('12310', '2CF7F12010700070', '4101', '1', '101604.0000000000', '1577412947822'), ('12311', '2CF7F12010700029', '4101', '1', '101622.0000000000', '1577413009695'), ('12312', '2CF7F1201070005D', '4098', '1', '39.0000000000', '1577413022997'), ('12313', '2CF7F1201070005D', '4097', '1', '23.0000000000', '1577413022997'), ('12314', '2CF7F1201070002C', '4098', '1', '49.0000000000', '1577413029179'), ('12315', '2CF7F1201070002C', '4097', '1', '18.0000000000', '1577413029179'), ('12316', '2CF7F1201070002C', '4097', '1', '18.0000000000', '1577413042258'), ('12317', '2CF7F1201070002C', '4098', '1', '49.0000000000', '1577413042258'), ('12318', '2CF7F12010700041', '4101', '1', '101628.0000000000', '1577413046214'), ('12319', '2CF7F12010700032', '4101', '1', '101638.0000000000', '1577413053227'), ('12320', '2CF7F1201070002C', '4097', '1', '18.0000000000', '1577413059893'), ('12321', '2CF7F1201070002C', '4098', '1', '49.0000000000', '1577413059893'), ('12322', '2CF7F1201070000D', '4101', '1', '101635.0000000000', '1577413099155'), ('12323', '2CF7F1201070002A', '4101', '1', '101604.0000000000', '1577413186826'), ('12324', '2CF7F12010700001', '4100', '1', '491.0000000000', '1577413192662'), ('12325', '2CF7F12010700061', '4097', '1', '19.0000000000', '1577413219275'), ('12326', '2CF7F12010700061', '4098', '1', '44.0000000000', '1577413219275'), ('12327', '2CF7F12010700002', '4097', '1', '23.0000000000', '1577413243748'), ('12328', '2CF7F12010700002', '4098', '1', '37.0000000000', '1577413243748'), ('12329', '2CF7F12010700070', '4101', '1', '101603.0000000000', '1577413249198'), ('12330', '2CF7F12010700029', '4101', '1', '101624.0000000000', '1577413310446'), ('12331', '2CF7F1201070005D', '4097', '1', '23.0000000000', '1577413324429'), ('12332', '2CF7F1201070005D', '4098', '1', '40.0000000000', '1577413324429'), ('12333', '2CF7F12010700041', '4101', '1', '101621.0000000000', '1577413347580'), ('12334', '2CF7F12010700032', '4101', '1', '101632.0000000000', '1577413354597'), ('12335', '2CF7F1201070002C', '4097', '1', '17.0000000000', '1577413363756'), ('12336', '2CF7F1201070002C', '4098', '1', '49.0000000000', '1577413363756'), ('12337', '2CF7F1201070000D', '4101', '1', '101637.0000000000', '1577413400530'), ('12338', '2CF7F1201070002C', '4097', '1', '17.0000000000', '1577413401979'), ('12339', '2CF7F1201070002C', '4098', '1', '49.0000000000', '1577413401979'), ('12340', '2CF7F1201070002A', '4101', '1', '101602.0000000000', '1577413491599'), ('12341', '2CF7F12010700061', '4097', '1', '18.0000000000', '1577413520823'), ('12342', '2CF7F12010700061', '4098', '1', '46.0000000000', '1577413520823'), ('12343', '2CF7F12010700001', '4100', '1', '507.0000000000', '1577413534302'), ('12344', '2CF7F12010700061', '4097', '1', '18.0000000000', '1577413536501'), ('12345', '2CF7F12010700061', '4098', '1', '46.0000000000', '1577413536501'), ('12346', '2CF7F12010700002', '4097', '1', '23.0000000000', '1577413545180'), ('12347', '2CF7F12010700002', '4098', '1', '38.0000000000', '1577413545180'), ('12348', '2CF7F12010700070', '4101', '1', '101602.0000000000', '1577413550569'), ('12349', '2CF7F12010700061', '4097', '1', '18.0000000000', '1577413552104'), ('12350', '2CF7F12010700061', '4098', '1', '46.0000000000', '1577413552104'), ('12351', '2CF7F12010700029', '4101', '1', '101621.0000000000', '1577413611814'), ('12352', '2CF7F1201070005D', '4097', '1', '23.0000000000', '1577413625866'), ('12353', '2CF7F1201070005D', '4098', '1', '39.0000000000', '1577413625866'), ('12354', '2CF7F12010700041', '4101', '1', '101617.0000000000', '1577413648948'), ('12355', '2CF7F12010700032', '4101', '1', '101631.0000000000', '1577413655974'), ('12356', '2CF7F1201070000D', '4101', '1', '101629.0000000000', '1577413701909'), ('12357', '2CF7F1201070002C', '4097', '1', '17.0000000000', '1577413707484'), ('12358', '2CF7F1201070002C', '4098', '1', '50.0000000000', '1577413707484'), ('12359', '2CF7F1201070002C', '4097', '1', '17.0000000000', '1577413719418'), ('12360', '2CF7F1201070002C', '4098', '1', '50.0000000000', '1577413719418'), ('12361', '2CF7F1201070002C', '4097', '1', '17.0000000000', '1577413737631'), ('12362', '2CF7F1201070002C', '4098', '1', '50.0000000000', '1577413737631'), ('12363', '2CF7F1201070002A', '4101', '1', '101590.0000000000', '1577413796374'), ('12364', '2CF7F12010700002', '4097', '1', '23.0000000000', '1577413846625'), ('12365', '2CF7F12010700002', '4098', '1', '39.0000000000', '1577413846625'), ('12366', '2CF7F12010700061', '4097', '1', '18.0000000000', '1577413853150'), ('12367', '2CF7F12010700070', '4101', '1', '101584.0000000000', '1577413851940'), ('12368', '2CF7F12010700061', '4098', '1', '47.0000000000', '1577413853150'), ('12369', '2CF7F12010700001', '4100', '1', '507.0000000000', '1577413875401'), ('12370', '2CF7F12010700029', '4101', '1', '101603.0000000000', '1577413913187'), ('12371', '2CF7F1201070005D', '4097', '1', '23.0000000000', '1577413927294'), ('12372', '2CF7F1201070005D', '4098', '1', '39.0000000000', '1577413927294'), ('12373', '2CF7F12010700032', '4101', '1', '101613.0000000000', '1577413957346'), ('12374', '2CF7F12010700041', '4101', '1', '101602.0000000000', '1577413969186'), ('12375', '2CF7F1201070000D', '4101', '1', '101615.0000000000', '1577414003281'), ('12376', '2CF7F1201070002C', '4097', '1', '18.0000000000', '1577414066678'), ('12377', '2CF7F1201070002C', '4098', '1', '50.0000000000', '1577414066678'), ('12378', '2CF7F1201070002C', '4098', '1', '50.0000000000', '1577414085425'), ('12379', '2CF7F1201070002C', '4097', '1', '18.0000000000', '1577414085425'), ('12380', '2CF7F1201070002A', '4101', '1', '101580.0000000000', '1577414101148'), ('12381', '2CF7F12010700002', '4097', '1', '23.0000000000', '1577414148505'), ('12382', '2CF7F12010700002', '4098', '1', '38.0000000000', '1577414148505'), ('12383', '2CF7F12010700070', '4101', '1', '101590.0000000000', '1577414153312'), ('12384', '2CF7F12010700061', '4098', '1', '46.0000000000', '1577414154666'), ('12385', '2CF7F12010700061', '4097', '1', '18.0000000000', '1577414154666'), ('12386', '2CF7F12010700029', '4101', '1', '101608.0000000000', '1577414214564'), ('12387', '2CF7F12010700001', '4100', '1', '515.0000000000', '1577414216773'), ('12388', '2CF7F1201070005D', '4097', '1', '23.0000000000', '1577414228728'), ('12389', '2CF7F1201070005D', '4098', '1', '39.0000000000', '1577414228728'), ('12390', '2CF7F12010700032', '4101', '1', '101619.0000000000', '1577414258720'), ('12391', '2CF7F12010700041', '4101', '1', '101608.0000000000', '1577414290651'), ('12392', '2CF7F1201070000D', '4101', '1', '101621.0000000000', '1577414304644'), ('12393', '2CF7F1201070002C', '4097', '1', '18.0000000000', '1577414410431'), ('12394', '2CF7F1201070002C', '4098', '1', '50.0000000000', '1577414410431'), ('12395', '2CF7F1201070002A', '4101', '1', '101583.0000000000', '1577414406778'), ('12396', '2CF7F1201070002C', '4097', '1', '18.0000000000', '1577414423606'), ('12397', '2CF7F1201070002C', '4098', '1', '50.0000000000', '1577414423606'), ('12398', '2CF7F12010700002', '4097', '1', '23.0000000000', '1577414449486'), ('12399', '2CF7F12010700002', '4098', '1', '37.0000000000', '1577414449486'), ('12400', '2CF7F12010700070', '4101', '1', '101583.0000000000', '1577414454678'), ('12401', '2CF7F12010700061', '4097', '1', '18.0000000000', '1577414456183'), ('12402', '2CF7F12010700061', '4098', '1', '46.0000000000', '1577414456183'), ('12403', '2CF7F12010700061', '4098', '1', '46.0000000000', '1577414469736'), ('12404', '2CF7F12010700061', '4097', '1', '18.0000000000', '1577414469736'), ('12405', '2CF7F12010700061', '4097', '1', '18.0000000000', '1577414481174'), ('12406', '2CF7F12010700061', '4098', '1', '46.0000000000', '1577414481174'), ('12407', '2CF7F12010700029', '4101', '1', '101601.0000000000', '1577414515937'), ('12408', '2CF7F1201070005D', '4097', '1', '23.0000000000', '1577414530162'), ('12409', '2CF7F1201070005D', '4098', '1', '39.0000000000', '1577414530162'), ('12410', '2CF7F12010700001', '4100', '1', '507.0000000000', '1577414558150'), ('12411', '2CF7F12010700032', '4101', '1', '101621.0000000000', '1577414560958'), ('12412', '2CF7F12010700028', '4101', '1', '101588.0000000000', '1577414569649'), ('12413', '2CF7F12010700041', '4101', '1', '101605.0000000000', '1577414592230'), ('12414', '2CF7F1201070000D', '4101', '1', '101620.0000000000', '1577414606213'), ('12415', '2CF7F1201070002A', '4101', '1', '101583.0000000000', '1577414710914'), ('12416', '2CF7F1201070002C', '4097', '1', '18.0000000000', '1577414731608'), ('12417', '2CF7F1201070002C', '4098', '1', '50.0000000000', '1577414731608'), ('12418', '2CF7F12010700002', '4097', '1', '23.0000000000', '1577414750917'), ('12419', '2CF7F1201070002C', '4097', '1', '18.0000000000', '1577414751352'), ('12420', '2CF7F12010700002', '4098', '1', '37.0000000000', '1577414750917'), ('12421', '2CF7F1201070002C', '4098', '1', '50.0000000000', '1577414751352'), ('12422', '2CF7F12010700070', '4101', '1', '101585.0000000000', '1577414756561'), ('12423', '2CF7F1201070002C', '4098', '1', '50.0000000000', '1577414770869'), ('12424', '2CF7F1201070002C', '4097', '1', '18.0000000000', '1577414770869'), ('12425', '2CF7F12010700061', '4097', '1', '18.0000000000', '1577414785634'), ('12426', '2CF7F12010700061', '4098', '1', '46.0000000000', '1577414785634'), ('12427', '2CF7F12010700029', '4101', '1', '101605.0000000000', '1577414817304'), ('12428', '2CF7F1201070005D', '4097', '1', '24.0000000000', '1577414831602'), ('12429', '2CF7F1201070005D', '4098', '1', '39.0000000000', '1577414831602'), ('12430', '2CF7F12010700032', '4101', '1', '101616.0000000000', '1577414861474'), ('12431', '2CF7F12010700028', '4101', '1', '101589.0000000000', '1577414890588'), ('12432', '2CF7F12010700041', '4101', '1', '101605.0000000000', '1577414893394'), ('12433', '2CF7F12010700001', '4100', '1', '508.0000000000', '1577414899505'), ('12434', '2CF7F1201070000D', '4101', '1', '101619.0000000000', '1577414907393'), ('12435', '2CF7F12010700041', '4101', '1', '101605.0000000000', '1577414910401'), ('12436', '2CF7F12010700001', '4100', '1', '508.0000000000', '1577414916691'), ('12437', '2CF7F1201070002A', '4101', '1', '101581.0000000000', '1577415015691'), ('12438', '2CF7F12010700002', '4097', '1', '23.0000000000', '1577415052345'), ('12439', '2CF7F12010700002', '4098', '1', '38.0000000000', '1577415052345'), ('12440', '2CF7F12010700070', '4101', '1', '101585.0000000000', '1577415057431'), ('12441', '2CF7F1201070002C', '4097', '1', '19.0000000000', '1577415079787'), ('12442', '2CF7F1201070002C', '4098', '1', '49.0000000000', '1577415079787'), ('12443', '2CF7F12010700061', '4097', '1', '19.0000000000', '1577415087154'), ('12444', '2CF7F12010700061', '4098', '1', '46.0000000000', '1577415087154'), ('12445', '2CF7F1201070002C', '4097', '1', '19.0000000000', '1577415099628'), ('12446', '2CF7F1201070002C', '4098', '1', '49.0000000000', '1577415099628'), ('12447', '2CF7F12010700061', '4097', '1', '19.0000000000', '1577415104230'), ('12448', '2CF7F12010700061', '4098', '1', '46.0000000000', '1577415104230'), ('12449', '2CF7F1201070002C', '4097', '1', '19.0000000000', '1577415113755'), ('12450', '2CF7F1201070002C', '4098', '1', '49.0000000000', '1577415113755'), ('12451', '2CF7F12010700061', '4097', '1', '19.0000000000', '1577415115375'), ('12452', '2CF7F12010700061', '4098', '1', '46.0000000000', '1577415115375'), ('12453', '2CF7F12010700029', '4101', '1', '101608.0000000000', '1577415118676'), ('12454', '2CF7F1201070005D', '4097', '1', '24.0000000000', '1577415133359'), ('12455', '2CF7F1201070005D', '4098', '1', '39.0000000000', '1577415133359'), ('12456', '2CF7F12010700032', '4101', '1', '101619.0000000000', '1577415162845'), ('12457', '2CF7F12010700028', '4101', '1', '101590.0000000000', '1577415192214'), ('12458', '2CF7F1201070000D', '4101', '1', '101620.0000000000', '1577415208765'), ('12459', '2CF7F12010700041', '4101', '1', '101609.0000000000', '1577415211779'), ('12460', '2CF7F12010700001', '4100', '1', '516.0000000000', '1577415258467'), ('12461', '2CF7F1201070002A', '4101', '1', '101576.0000000000', '1577415320462'), ('12462', '2CF7F12010700002', '4097', '1', '23.0000000000', '1577415353771'), ('12463', '2CF7F12010700002', '4098', '1', '37.0000000000', '1577415353771'), ('12464', '2CF7F12010700070', '4101', '1', '101577.0000000000', '1577415358806'), ('12465', '2CF7F12010700061', '4098', '1', '46.0000000000', '1577415421314'), ('12466', '2CF7F12010700061', '4097', '1', '19.0000000000', '1577415421314'), ('12467', '2CF7F12010700029', '4101', '1', '101600.0000000000', '1577415422277'), ('12468', '2CF7F1201070002C', '4097', '1', '19.0000000000', '1577415422743'), ('12469', '2CF7F1201070002C', '4098', '1', '49.0000000000', '1577415422743'), ('12470', '2CF7F1201070005D', '4097', '1', '24.0000000000', '1577415434469'), ('12471', '2CF7F1201070005D', '4098', '1', '39.0000000000', '1577415434469'), ('12472', '2CF7F1201070002C', '4097', '1', '19.0000000000', '1577415439597'), ('12473', '2CF7F1201070002C', '4098', '1', '49.0000000000', '1577415439597'), ('12474', '2CF7F12010700061', '4097', '1', '19.0000000000', '1577415446803'), ('12475', '2CF7F12010700061', '4098', '1', '46.0000000000', '1577415446803'), ('12476', '2CF7F1201070002C', '4097', '1', '19.0000000000', '1577415449793'), ('12477', '2CF7F1201070002C', '4098', '1', '49.0000000000', '1577415449793'), ('12478', '2CF7F12010700032', '4101', '1', '101617.0000000000', '1577415464227'), ('12479', '2CF7F12010700028', '4101', '1', '101589.0000000000', '1577415493847'), ('12480', '2CF7F1201070000D', '4101', '1', '101618.0000000000', '1577415510136'), ('12481', '2CF7F12010700041', '4101', '1', '101607.0000000000', '1577415515121'), ('12482', '2CF7F12010700001', '4100', '1', '512.0000000000', '1577415599406'), ('12483', '2CF7F1201070002A', '4101', '1', '101570.0000000000', '1577415625233'), ('12484', '2CF7F12010700002', '4097', '1', '23.0000000000', '1577415655213'), ('12485', '2CF7F12010700002', '4098', '1', '37.0000000000', '1577415655213'), ('12486', '2CF7F12010700070', '4101', '1', '101573.0000000000', '1577415660173'), ('12487', '2CF7F12010700029', '4101', '1', '101597.0000000000', '1577415723401'), ('12488', '2CF7F1201070005D', '4098', '1', '39.0000000000', '1577415735917'), ('12489', '2CF7F1201070005D', '4097', '1', '24.0000000000', '1577415735917'), ('12490', '2CF7F12010700061', '4097', '1', '19.0000000000', '1577415753510'), ('12491', '2CF7F12010700061', '4098', '1', '45.0000000000', '1577415753510'), ('12492', '2CF7F12010700032', '4101', '1', '101603.0000000000', '1577415765614'), ('12493', '2CF7F12010700061', '4097', '1', '19.0000000000', '1577415773628'), ('12494', '2CF7F12010700061', '4098', '1', '45.0000000000', '1577415773628'), ('12495', '2CF7F1201070002C', '4098', '1', '48.0000000000', '1577415781296'), ('12496', '2CF7F1201070002C', '4097', '1', '19.0000000000', '1577415781296'), ('12497', '2CF7F12010700061', '4097', '1', '19.0000000000', '1577415789869'), ('12498', '2CF7F12010700061', '4098', '1', '45.0000000000', '1577415789869'), ('12499', '2CF7F12010700028', '4101', '1', '101583.0000000000', '1577415795466'), ('12500', '2CF7F1201070000D', '4101', '1', '101610.0000000000', '1577415811511'), ('12501', '2CF7F12010700041', '4101', '1', '101593.0000000000', '1577415816494'), ('12502', '2CF7F12010700028', '4101', '1', '101297.0000000000', '1577432098569'), ('12503', '2CF7F15000100124', '4098', '1', '45.0000000000', '1577432426000'), ('12504', '2CF7F15000100124', '4097', '1', '23.0000000000', '1577432426000'), ('12505', '2CF7F12010700060', '4101', '1', '101519.0000000000', '1577673929664'), ('12506', '2CF7F12010700060', '4101', '1', '101313.0000000000', '1577687716156'), ('12507', '2CF7F12010700070', '4101', '1', '101242.0000000000', '1577687724948'), ('12508', '2CF7F12010700028', '4101', '1', '101262.0000000000', '1577687796377'), ('12509', '2CF7F1201070000D', '4101', '1', '101278.0000000000', '1577687799241'), ('12510', '2CF7F1201070002C', '4098', '1', '71.0000000000', '1577687811483'), ('12511', '2CF7F1201070002C', '4097', '1', '24.0000000000', '1577687811483'), ('12512', '2CF7F1201070002A', '4101', '1', '101251.0000000000', '1577687825500'), ('12513', '2CF7F1201070002C', '4097', '1', '24.0000000000', '1577687828577'), ('12514', '2CF7F1201070002C', '4098', '1', '71.0000000000', '1577687828577'), ('12515', '2CF7F12010700032', '4101', '1', '101287.0000000000', '1577687873792'), ('12516', '2CF7F12010700041', '4101', '1', '101276.0000000000', '1577687880678'), ('12517', '2CF7F12010700029', '4101', '1', '101265.0000000000', '1577687890703'), ('12518', '2CF7F1201070005D', '4097', '1', '25.0000000000', '1577687914272'), ('12519', '2CF7F1201070005D', '4098', '1', '67.0000000000', '1577687914272'), ('12520', '2CF7F12010700061', '4097', '1', '24.0000000000', '1577687951579'), ('12521', '2CF7F12010700061', '4098', '1', '68.0000000000', '1577687951579'), ('12522', '2CF7F12010700001', '4100', '1', '601.0000000000', '1577687997352'), ('12523', '2CF7F12010700002', '4097', '1', '25.0000000000', '1577688007264'), ('12524', '2CF7F12010700002', '4098', '1', '64.0000000000', '1577688007264'), ('12525', '2CF7F12010700001', '4100', '1', '601.0000000000', '1577688025580'), ('12526', '2CF7F12010700070', '4101', '1', '101244.0000000000', '1577688026312'), ('12527', '2CF7F12010700060', '4101', '1', '101307.0000000000', '1577688028761'), ('12528', '2CF7F12010700002', '4097', '1', '25.0000000000', '1577688036771'), ('12529', '2CF7F12010700002', '4098', '1', '64.0000000000', '1577688036771'), ('12530', '2CF7F12010700060', '4101', '1', '101307.0000000000', '1577688043423'), ('12531', '2CF7F12010700070', '4101', '1', '101244.0000000000', '1577688055369'), ('12532', '2CF7F12010700028', '4101', '1', '101262.0000000000', '1577688097152'), ('12533', '2CF7F1201070000D', '4101', '1', '101278.0000000000', '1577688100395'), ('12534', '2CF7F1201070002A', '4101', '1', '101247.0000000000', '1577688163409'), ('12535', '2CF7F1201070002C', '4097', '1', '24.0000000000', '1577688170449'), ('12536', '2CF7F1201070002C', '4098', '1', '71.0000000000', '1577688170449'), ('12537', '2CF7F12010700032', '4101', '1', '101291.0000000000', '1577688173633'), ('12538', '2CF7F12010700041', '4101', '1', '101276.0000000000', '1577688190689'), ('12539', '2CF7F12010700029', '4101', '1', '101265.0000000000', '1577688192750'), ('12540', '2CF7F12010700041', '4101', '1', '101276.0000000000', '1577688203851'), ('12541', '2CF7F1201070005D', '4097', '1', '25.0000000000', '1577688215705'), ('12542', '2CF7F1201070005D', '4098', '1', '67.0000000000', '1577688215705'), ('12543', '2CF7F12010700061', '4098', '1', '68.0000000000', '1577688260367'), ('12544', '2CF7F12010700061', '4097', '1', '24.0000000000', '1577688260367'), ('12545', '2CF7F12010700061', '4097', '1', '24.0000000000', '1577688272947'), ('12546', '2CF7F12010700061', '4098', '1', '68.0000000000', '1577688272947'), ('12547', '2CF7F12010700061', '4097', '1', '24.0000000000', '1577688290812'), ('12548', '2CF7F12010700061', '4098', '1', '68.0000000000', '1577688290812'), ('12549', '2CF7F12010700002', '4097', '1', '25.0000000000', '1577688347209'), ('12550', '2CF7F12010700002', '4098', '1', '64.0000000000', '1577688347209'), ('12551', '2CF7F12010700060', '4101', '1', '101312.0000000000', '1577688344295'), ('12552', '2CF7F12010700070', '4101', '1', '101243.0000000000', '1577688360857'), ('12553', '2CF7F12010700060', '4101', '1', '101312.0000000000', '1577688362140'), ('12554', '2CF7F12010700001', '4100', '1', '595.0000000000', '1577688369116'), ('12555', '2CF7F12010700028', '4101', '1', '101268.0000000000', '1577688398542'), ('12556', '2CF7F1201070000D', '4101', '1', '101277.0000000000', '1577688403752'), ('12557', '2CF7F12010700041', '4101', '1', '101280.0000000000', '1577688806596'), ('12558', '2CF7F12010700032', '4101', '1', '101292.0000000000', '1577688805593'), ('12559', '2CF7F12010700029', '4101', '1', '101268.0000000000', '1577688794827'), ('12560', '2CF7F1201070002A', '4101', '1', '101256.0000000000', '1577688791116'), ('12561', '2CF7F12010700001', '4100', '1', '587.0000000000', '1577688727615'), ('12562', '2CF7F1201070000D', '4101', '1', '101279.0000000000', '1577688715916'), ('12563', '2CF7F12010700001', '4100', '1', '587.0000000000', '1577688710490'), ('12564', '2CF7F12010700028', '4101', '1', '101266.0000000000', '1577688699915'), ('12565', '2CF7F12010700060', '4101', '1', '101312.0000000000', '1577688690698'), ('12566', '2CF7F12010700002', '4098', '1', '64.0000000000', '1577688680174'), ('12567', '2CF7F12010700002', '4097', '1', '25.0000000000', '1577688680174'), ('12568', '2CF7F12010700070', '4101', '1', '101247.0000000000', '1577688662234'), ('12569', '2CF7F12010700002', '4098', '1', '64.0000000000', '1577688650628'), ('12570', '2CF7F12010700002', '4097', '1', '25.0000000000', '1577688650628'), ('12571', '2CF7F12010700061', '4098', '1', '68.0000000000', '1577688631560'), ('12572', '2CF7F12010700061', '4097', '1', '24.0000000000', '1577688631560'), ('12573', '2CF7F12010700061', '4098', '1', '68.0000000000', '1577688612363'), ('12574', '2CF7F12010700061', '4097', '1', '24.0000000000', '1577688612363'), ('12575', '2CF7F12010700061', '4098', '1', '68.0000000000', '1577688597410'), ('12576', '2CF7F12010700061', '4097', '1', '24.0000000000', '1577688597410'), ('12577', '2CF7F1201070002C', '4097', '1', '24.0000000000', '1577688515179'), ('12578', '2CF7F1201070005D', '4097', '1', '25.0000000000', '1577688517143'), ('12579', '2CF7F1201070002C', '4098', '1', '72.0000000000', '1577688515179'), ('12580', '2CF7F1201070005D', '4098', '1', '67.0000000000', '1577688517143'), ('12581', '2CF7F12010700041', '4101', '1', '101276.0000000000', '1577688505229'), ('12582', '2CF7F1201070002C', '4098', '1', '72.0000000000', '1577688497802'), ('12583', '2CF7F1201070002C', '4097', '1', '24.0000000000', '1577688497802'), ('12584', '2CF7F12010700029', '4101', '1', '101266.0000000000', '1577688493452'), ('12585', '2CF7F1201070002C', '4098', '1', '72.0000000000', '1577688478686'), ('12586', '2CF7F1201070002C', '4097', '1', '24.0000000000', '1577688478686'), ('12587', '2CF7F12010700032', '4101', '1', '101292.0000000000', '1577688475126'), ('12588', '2CF7F1201070002A', '4101', '1', '101252.0000000000', '1577688473268'), ('12589', '2CF7F12010700029', '4101', '1', '101268.0000000000', '1577688807420'), ('12590', '2CF7F1201070002A', '4101', '1', '101256.0000000000', '1577688809175'), ('12591', '2CF7F1201070005D', '4097', '1', '25.0000000000', '1577688818576'), ('12592', '2CF7F1201070005D', '4098', '1', '67.0000000000', '1577688818576'), ('12593', '2CF7F1201070002C', '4098', '1', '72.0000000000', '1577688822151'), ('12594', '2CF7F1201070002C', '4097', '1', '24.0000000000', '1577688822151'), ('12595', '2CF7F1201070002C', '4097', '1', '24.0000000000', '1577688840876'), ('12596', '2CF7F1201070002C', '4098', '1', '72.0000000000', '1577688840876'), ('12597', '2CF7F12010700061', '4097', '1', '24.0000000000', '1577688941837'), ('12598', '2CF7F12010700061', '4098', '1', '69.0000000000', '1577688941837'), ('12599', '2CF7F12010700061', '4097', '1', '24.0000000000', '1577688954293'), ('12600', '2CF7F12010700061', '4098', '1', '69.0000000000', '1577688954293'), ('12601', '2CF7F12010700070', '4101', '1', '101246.0000000000', '1577688963601'), ('12602', '2CF7F12010700061', '4098', '1', '69.0000000000', '1577688968365'), ('12603', '2CF7F12010700061', '4097', '1', '24.0000000000', '1577688968365'), ('12604', '2CF7F12010700002', '4097', '1', '25.0000000000', '1577688982980'), ('12605', '2CF7F12010700002', '4098', '1', '64.0000000000', '1577688982980'), ('12606', '2CF7F12010700060', '4101', '1', '101314.0000000000', '1577689000233'), ('12607', '2CF7F12010700028', '4101', '1', '101262.0000000000', '1577689017159'), ('12608', '2CF7F1201070000D', '4101', '1', '101280.0000000000', '1577689017290'), ('12609', '2CF7F1201070000D', '4101', '1', '101280.0000000000', '1577689031857'), ('12610', '2CF7F12010700001', '4100', '1', '575.0000000000', '1577689069586'), ('12611', '2CF7F12010700041', '4101', '1', '101277.0000000000', '1577689107972'), ('12612', '2CF7F12010700032', '4101', '1', '101297.0000000000', '1577689108512'), ('12613', '2CF7F12010700029', '4101', '1', '101270.0000000000', '1577689108789'), ('12614', '2CF7F1201070002A', '4101', '1', '101255.0000000000', '1577689111235'), ('12615', '2CF7F1201070005D', '4097', '1', '25.0000000000', '1577689120127'), ('12616', '2CF7F1201070005D', '4098', '1', '67.0000000000', '1577689120127'), ('12617', '2CF7F12010700032', '4101', '1', '101297.0000000000', '1577689123176'), ('12618', '2CF7F12010700029', '4101', '1', '101270.0000000000', '1577689128427'), ('12619', '2CF7F1201070002A', '4101', '1', '101255.0000000000', '1577689130149'), ('12620', '2CF7F12010700029', '4101', '1', '101270.0000000000', '1577689142992'), ('12621', '2CF7F1201070002C', '4097', '1', '24.0000000000', '1577689142304'), ('12622', '2CF7F1201070002C', '4098', '1', '72.0000000000', '1577689142304'), ('12623', '2CF7F1201070002A', '4101', '1', '101255.0000000000', '1577689150673'), ('12624', '2CF7F1201070002C', '4097', '1', '24.0000000000', '1577689155453'), ('12625', '2CF7F1201070002C', '4098', '1', '72.0000000000', '1577689155453'), ('12626', '2CF7F1201070002C', '4097', '1', '24.0000000000', '1577689168912'), ('12627', '2CF7F1201070002C', '4098', '1', '72.0000000000', '1577689168912'), ('12628', '2CF7F12010700070', '4101', '1', '101247.0000000000', '1577689264980'), ('12629', '2CF7F12010700061', '4097', '1', '24.0000000000', '1577689275701'), ('12630', '2CF7F12010700061', '4098', '1', '69.0000000000', '1577689275701'), ('12631', '2CF7F12010700002', '4097', '1', '25.0000000000', '1577689284413'), ('12632', '2CF7F12010700002', '4098', '1', '64.0000000000', '1577689284413'), ('12633', '2CF7F12010700061', '4097', '1', '24.0000000000', '1577689289397'), ('12634', '2CF7F12010700061', '4098', '1', '69.0000000000', '1577689289397'), ('12635', '2CF7F12010700061', '4097', '1', '24.0000000000', '1577689300886'), ('12636', '2CF7F12010700061', '4098', '1', '69.0000000000', '1577689300886'), ('12637', '2CF7F12010700060', '4101', '1', '101316.0000000000', '1577689301680'), ('12638', '2CF7F12010700028', '4101', '1', '101268.0000000000', '1577689318532'), ('12639', '2CF7F1201070000D', '4101', '1', '101288.0000000000', '1577689333233'), ('12640', '2CF7F12010700041', '4101', '1', '101278.0000000000', '1577689409340'), ('12641', '2CF7F12010700001', '4100', '1', '584.0000000000', '1577689410384'), ('12642', '2CF7F1201070005D', '4097', '1', '25.0000000000', '1577689421460'), ('12643', '2CF7F12010700041', '4101', '1', '101278.0000000000', '1577689421859'), ('12644', '2CF7F1201070005D', '4098', '1', '67.0000000000', '1577689421460'), ('12645', '2CF7F12010700041', '4101', '1', '101278.0000000000', '1577689439241'), ('12646', '2CF7F12010700032', '4101', '1', '101293.0000000000', '1577689452210'), ('12647', '2CF7F12010700029', '4101', '1', '101268.0000000000', '1577689465669'), ('12648', '2CF7F1201070002C', '4097', '1', '24.0000000000', '1577689471449'), ('12649', '2CF7F1201070002A', '4101', '1', '101256.0000000000', '1577689469727'), ('12650', '2CF7F1201070002C', '4098', '1', '72.0000000000', '1577689471449'), ('12651', '2CF7F12010700070', '4101', '1', '101249.0000000000', '1577689566359'), ('12652', '2CF7F12010700070', '4101', '1', '101249.0000000000', '1577689578351'), ('12653', '2CF7F12010700002', '4098', '1', '64.0000000000', '1577689585848'), ('12654', '2CF7F12010700002', '4097', '1', '25.0000000000', '1577689585848'), ('12655', '2CF7F12010700060', '4101', '1', '101316.0000000000', '1577689603127'), ('12656', '2CF7F12010700061', '4097', '1', '24.0000000000', '1577689605162'), ('12657', '2CF7F12010700061', '4098', '1', '69.0000000000', '1577689605162'), ('12658', '2CF7F12010700028', '4101', '1', '101265.0000000000', '1577689619908'), ('12659', '2CF7F12010700061', '4097', '1', '24.0000000000', '1577689623399'), ('12660', '2CF7F12010700061', '4098', '1', '69.0000000000', '1577689623399'), ('12661', '2CF7F1201070000D', '4101', '1', '101285.0000000000', '1577689634601'), ('12662', '2CF7F12010700061', '4097', '1', '24.0000000000', '1577689637235'), ('12663', '2CF7F12010700061', '4098', '1', '69.0000000000', '1577689637235'), ('12664', '2CF7F1201070005D', '4098', '1', '66.0000000000', '1577689722889'), ('12665', '2CF7F1201070005D', '4097', '1', '25.0000000000', '1577689722889'), ('12666', '2CF7F12010700041', '4101', '1', '101282.0000000000', '1577689744484'), ('12667', '2CF7F12010700001', '4100', '1', '600.0000000000', '1577689751753'), ('12668', '2CF7F12010700032', '4101', '1', '101297.0000000000', '1577689761812'), ('12669', '2CF7F12010700029', '4101', '1', '101270.0000000000', '1577689767425'), ('12670', '2CF7F1201070002C', '4097', '1', '24.0000000000', '1577689774452'), ('12671', '2CF7F1201070002A', '4101', '1', '101257.0000000000', '1577689774504'), ('12672', '2CF7F1201070002C', '4098', '1', '72.0000000000', '1577689774452'), ('12673', '2CF7F1201070002A', '4101', '1', '101257.0000000000', '1577689792164'), ('12674', '2CF7F1201070002C', '4098', '1', '72.0000000000', '1577689793135'), ('12675', '2CF7F1201070002C', '4097', '1', '24.0000000000', '1577689793135'), ('12676', '2CF7F1201070002C', '4097', '1', '24.0000000000', '1577689811282'), ('12677', '2CF7F1201070002C', '4098', '1', '72.0000000000', '1577689811282'), ('12678', '2CF7F12010700070', '4101', '1', '101249.0000000000', '1577689879718'), ('12679', '2CF7F12010700002', '4097', '1', '25.0000000000', '1577689915968'), ('12680', '2CF7F12010700002', '4098', '1', '64.0000000000', '1577689915968'), ('12681', '2CF7F12010700060', '4101', '1', '101317.0000000000', '1577689917311'), ('12682', '2CF7F12010700028', '4101', '1', '101272.0000000000', '1577689921280'), ('12683', '2CF7F12010700060', '4101', '1', '101317.0000000000', '1577689936241'), ('12684', '2CF7F12010700061', '4097', '1', '24.0000000000', '1577689946184'), ('12685', '2CF7F12010700061', '4098', '1', '69.0000000000', '1577689946184'), ('12686', '2CF7F12010700028', '4101', '1', '101272.0000000000', '1577689947740'), ('12687', '2CF7F1201070000D', '4101', '1', '101282.0000000000', '1577689955888'), ('12688', '2CF7F12010700061', '4097', '1', '24.0000000000', '1577689958519'), ('12689', '2CF7F12010700061', '4098', '1', '69.0000000000', '1577689958519'), ('12690', '2CF7F12010700061', '4097', '1', '24.0000000000', '1577689975436'), ('12691', '2CF7F12010700061', '4098', '1', '69.0000000000', '1577689975436'), ('12692', '2CF7F1201070005D', '4097', '1', '25.0000000000', '1577690024330'), ('12693', '2CF7F1201070005D', '4098', '1', '66.0000000000', '1577690024330'), ('12694', '2CF7F12010700041', '4101', '1', '101278.0000000000', '1577690075882'), ('12695', '2CF7F12010700029', '4101', '1', '101265.0000000000', '1577690068407'), ('12696', '2CF7F12010700032', '4101', '1', '101292.0000000000', '1577690078948'), ('12697', '2CF7F12010700029', '4101', '1', '101265.0000000000', '1577690084944'), ('12698', '2CF7F12010700029', '4101', '1', '101265.0000000000', '1577690101248'), ('12699', '2CF7F12010700032', '4101', '1', '101292.0000000000', '1577690098728'), ('12700', '2CF7F1201070002A', '4101', '1', '101254.0000000000', '1577690116113'), ('12701', '2CF7F12010700001', '4100', '1', '607.0000000000', '1577690129396'), ('12702', '2CF7F1201070002C', '4097', '1', '24.0000000000', '1577690134713'), ('12703', '2CF7F1201070002C', '4098', '1', '73.0000000000', '1577690134713'), ('12704', '2CF7F1201070002C', '4097', '1', '24.0000000000', '1577690152553'), ('12705', '2CF7F1201070002C', '4098', '1', '73.0000000000', '1577690152553'), ('12706', '2CF7F12010700070', '4101', '1', '101244.0000000000', '1577690181939'), ('12707', '2CF7F12010700002', '4097', '1', '25.0000000000', '1577690220837'), ('12708', '2CF7F12010700002', '4098', '1', '64.0000000000', '1577690220837'), ('12709', '2CF7F12010700060', '4101', '1', '101313.0000000000', '1577690279182'), ('12710', '2CF7F12010700061', '4097', '1', '24.0000000000', '1577690280799'), ('12711', '2CF7F12010700061', '4098', '1', '70.0000000000', '1577690280799'), ('12712', '2CF7F1201070000D', '4101', '1', '101280.0000000000', '1577690287572'), ('12713', '2CF7F12010700028', '4101', '1', '101263.0000000000', '1577690289852'), ('12714', '2CF7F12010700061', '4097', '1', '24.0000000000', '1577690291771'), ('12715', '2CF7F12010700061', '4098', '1', '70.0000000000', '1577690291771'), ('12716', '2CF7F12010700061', '4097', '1', '24.0000000000', '1577690307194'), ('12717', '2CF7F12010700061', '4098', '1', '70.0000000000', '1577690307194'), ('12718', '2CF7F1201070005D', '4097', '1', '25.0000000000', '1577690325756'), ('12719', '2CF7F1201070005D', '4098', '1', '66.0000000000', '1577690325756'), ('12720', '2CF7F12010700041', '4101', '1', '101273.0000000000', '1577690382955'), ('12721', '2CF7F12010700032', '4101', '1', '101291.0000000000', '1577690399648'), ('12722', '2CF7F12010700029', '4101', '1', '101264.0000000000', '1577690407892'), ('12723', '2CF7F1201070002A', '4101', '1', '101252.0000000000', '1577690420883'), ('12724', '2CF7F1201070002C', '4098', '1', '73.0000000000', '1577690457810'), ('12725', '2CF7F1201070002C', '4097', '1', '24.0000000000', '1577690457810'), ('12726', '2CF7F1201070002C', '4097', '1', '24.0000000000', '1577690471220'), ('12727', '2CF7F1201070002C', '4098', '1', '73.0000000000', '1577690471220'), ('12728', '2CF7F12010700001', '4100', '1', '618.0000000000', '1577690479661'), ('12729', '2CF7F12010700070', '4101', '1', '101244.0000000000', '1577690482456'), ('12730', '2CF7F12010700001', '4100', '1', '618.0000000000', '1577690496181'), ('12731', '2CF7F12010700070', '4101', '1', '101244.0000000000', '1577690498768'), ('12732', '2CF7F12010700002', '4097', '1', '25.0000000000', '1577690522265'), ('12733', '2CF7F12010700002', '4098', '1', '64.0000000000', '1577690522265'), ('12734', '2CF7F12010700060', '4101', '1', '101312.0000000000', '1577690612603'), ('12735', '2CF7F12010700028', '4101', '1', '101263.0000000000', '1577690613607'), ('12736', '2CF7F12010700061', '4098', '1', '71.0000000000', '1577690615535'), ('12737', '2CF7F12010700061', '4097', '1', '24.0000000000', '1577690615535'), ('12738', '2CF7F1201070005D', '4097', '1', '25.0000000000', '1577690627192'), ('12739', '2CF7F12010700028', '4101', '1', '101263.0000000000', '1577690628152'), ('12740', '2CF7F1201070005D', '4098', '1', '66.0000000000', '1577690627192'), ('12741', '2CF7F1201070000D', '4101', '1', '101283.0000000000', '1577690634484'), ('12742', '2CF7F1201070005D', '4097', '1', '25.0000000000', '1577690641657'), ('12743', '2CF7F1201070005D', '4098', '1', '66.0000000000', '1577690641657'), ('12744', '2CF7F12010700061', '4097', '1', '24.0000000000', '1577690651263'), ('12745', '2CF7F12010700061', '4098', '1', '71.0000000000', '1577690651263'), ('12746', '2CF7F12010700041', '4101', '1', '101278.0000000000', '1577690715724'), ('12747', '2CF7F12010700032', '4101', '1', '101294.0000000000', '1577690720154'), ('12748', '2CF7F12010700029', '4101', '1', '101264.0000000000', '1577690723663'), ('12749', '2CF7F12010700032', '4101', '1', '101294.0000000000', '1577690735975'), ('12750', '2CF7F1201070002A', '4101', '1', '101254.0000000000', '1577690736322'), ('12751', '2CF7F1201070002A', '4101', '1', '101254.0000000000', '1577690755525'), ('12752', '2CF7F1201070002C', '4097', '1', '24.0000000000', '1577690787768'), ('12753', '2CF7F1201070002C', '4098', '1', '74.0000000000', '1577690787768'), ('12754', '2CF7F12010700070', '4101', '1', '101248.0000000000', '1577690800143'), ('12755', '2CF7F1201070002C', '4097', '1', '24.0000000000', '1577690805673'), ('12756', '2CF7F12010700002', '4098', '1', '64.0000000000', '1577690823698'), ('12757', '2CF7F12010700002', '4097', '1', '25.0000000000', '1577690823698'), ('12758', '2CF7F12010700001', '4100', '1', '625.0000000000', '1577690837555'), ('12759', '2CF7F12010700002', '4097', '1', '25.0000000000', '1577690842688'), ('12760', '2CF7F12010700002', '4098', '1', '64.0000000000', '1577690842688'), ('12761', '2CF7F12010700001', '4100', '1', '625.0000000000', '1577690866901'), ('12762', '2CF7F12010700060', '4101', '1', '101316.0000000000', '1577690915931'), ('12763', '2CF7F12010700028', '4101', '1', '101274.0000000000', '1577690930385'), ('12764', '2CF7F1201070000D', '4101', '1', '101287.0000000000', '1577690940294'), ('12765', '2CF7F1201070005D', '4097', '1', '25.0000000000', '1577690943905'), ('12766', '2CF7F1201070005D', '4098', '1', '66.0000000000', '1577690943905'), ('12767', '2CF7F1201070005D', '4098', '1', '66.0000000000', '1577690972900'), ('12768', '2CF7F1201070005D', '4097', '1', '25.0000000000', '1577690972900'), ('12769', '2CF7F12010700061', '4098', '1', '71.0000000000', '1577690982276'), ('12770', '2CF7F12010700061', '4097', '1', '24.0000000000', '1577690982276'), ('12771', '2CF7F12010700041', '4101', '1', '101283.0000000000', '1577691049184'), ('12772', '2CF7F1201070002A', '4101', '1', '101260.0000000000', '1577691058571'), ('12773', '2CF7F12010700032', '4101', '1', '101298.0000000000', '1577691062229'), ('12774', '2CF7F12010700029', '4101', '1', '101269.0000000000', '1577691065242'), ('12775', '2CF7F12010700070', '4101', '1', '101250.0000000000', '1577691129453'), ('12776', '2CF7F1201070002C', '4097', '1', '24.0000000000', '1577691135756'), ('12777', '2CF7F1201070002C', '4098', '1', '74.0000000000', '1577691135756'), ('12778', '2CF7F1201070002C', '4097', '1', '24.0000000000', '1577691152589'), ('12779', '2CF7F1201070002C', '4098', '1', '74.0000000000', '1577691152589'), ('12780', '2CF7F12010700002', '4097', '1', '26.0000000000', '1577691163999'), ('12781', '2CF7F12010700002', '4098', '1', '64.0000000000', '1577691163999'), ('12782', '2CF7F12010700002', '4097', '1', '26.0000000000', '1577691178584'), ('12783', '2CF7F12010700002', '4098', '1', '64.0000000000', '1577691178584'), ('12784', '2CF7F12010700001', '4100', '1', '598.0000000000', '1577691211996'), ('12785', '2CF7F12010700060', '4101', '1', '101316.0000000000', '1577691217376'), ('12786', '2CF7F1201070000D', '4101', '1', '101286.0000000000', '1577691261226'), ('12787', '2CF7F12010700028', '4101', '1', '101272.0000000000', '1577691262291'), ('12788', '2CF7F1201070000D', '4101', '1', '101286.0000000000', '1577691271465'), ('12789', '2CF7F12010700061', '4097', '1', '24.0000000000', '1577691288239'), ('12790', '2CF7F12010700061', '4098', '1', '72.0000000000', '1577691288239'), ('12791', '2CF7F1201070005D', '4097', '1', '25.0000000000', '1577691288188'), ('12792', '2CF7F1201070005D', '4098', '1', '67.0000000000', '1577691288188'), ('12793', '2CF7F1201070005D', '4097', '1', '25.0000000000', '1577691299233');
INSERT INTO `tb_node_measure_values` VALUES ('12794', '2CF7F1201070005D', '4098', '1', '67.0000000000', '1577691299233'), ('12795', '2CF7F12010700061', '4098', '1', '72.0000000000', '1577691306432'), ('12796', '2CF7F12010700061', '4097', '1', '24.0000000000', '1577691306432'), ('12797', '2CF7F12010700061', '4098', '1', '72.0000000000', '1577691325559'), ('12798', '2CF7F12010700061', '4097', '1', '24.0000000000', '1577691325559'), ('12799', '2CF7F12010700041', '4101', '1', '101284.0000000000', '1577691357723'), ('12800', '2CF7F12010700032', '4101', '1', '101298.0000000000', '1577691363618'), ('12801', '2CF7F1201070002A', '4101', '1', '101258.0000000000', '1577691363350'), ('12802', '2CF7F12010700029', '4101', '1', '101268.0000000000', '1577691397827'), ('12803', '2CF7F12010700032', '4101', '1', '101298.0000000000', '1577691398816'), ('12804', '2CF7F12010700070', '4101', '1', '101253.0000000000', '1577691434798'), ('12805', '2CF7F1201070002C', '4097', '1', '23.0000000000', '1577691456953'), ('12806', '2CF7F1201070002C', '4098', '1', '75.0000000000', '1577691456953'), ('12807', '2CF7F1201070002C', '4097', '1', '23.0000000000', '1577691490372'), ('12808', '2CF7F1201070002C', '4098', '1', '75.0000000000', '1577691490372'), ('12809', '2CF7F12010700002', '4097', '1', '26.0000000000', '1577691507837'), ('12810', '2CF7F12010700002', '4098', '1', '64.0000000000', '1577691507837'), ('12811', '2CF7F12010700060', '4101', '1', '101317.0000000000', '1577691518823'), ('12812', '2CF7F12010700001', '4100', '1', '529.0000000000', '1577691585550'), ('12813', '2CF7F12010700028', '4101', '1', '101271.0000000000', '1577691589492'), ('12814', '2CF7F1201070000D', '4101', '1', '101283.0000000000', '1577691602606'), ('12815', '2CF7F12010700028', '4101', '1', '101271.0000000000', '1577691605995'), ('12816', '2CF7F1201070005D', '4097', '1', '25.0000000000', '1577691618827'), ('12817', '2CF7F1201070005D', '4098', '1', '67.0000000000', '1577691618827'), ('12818', '2CF7F12010700061', '4098', '1', '72.0000000000', '1577691662443'), ('12819', '2CF7F12010700061', '4097', '1', '24.0000000000', '1577691662443'), ('12820', '2CF7F1201070002A', '4101', '1', '101259.0000000000', '1577691668121'), ('12821', '2CF7F12010700041', '4101', '1', '101281.0000000000', '1577691676583'), ('12822', '2CF7F12010700029', '4101', '1', '101277.0000000000', '1577691699221'), ('12823', '2CF7F12010700032', '4101', '1', '101298.0000000000', '1577691707890'), ('12824', '2CF7F12010700032', '4101', '1', '101298.0000000000', '1577691726993'), ('12825', '2CF7F12010700070', '4101', '1', '101253.0000000000', '1577691736175'), ('12826', '2CF7F1201070002C', '4097', '1', '23.0000000000', '1577691798377'), ('12827', '2CF7F1201070002C', '4098', '1', '75.0000000000', '1577691798377'), ('12828', '2CF7F12010700002', '4098', '1', '64.0000000000', '1577691808514'), ('12829', '2CF7F12010700002', '4097', '1', '26.0000000000', '1577691808514'), ('12830', '2CF7F12010700060', '4101', '1', '101318.0000000000', '1577691820274'), ('12831', '2CF7F1201070005D', '4097', '1', '25.0000000000', '1577691920262'), ('12832', '2CF7F1201070005D', '4098', '1', '67.0000000000', '1577691920262'), ('12833', '2CF7F1201070000D', '4101', '1', '101282.0000000000', '1577691921759'), ('12834', '2CF7F1201070000D', '4101', '1', '101282.0000000000', '1577691938880'), ('12835', '2CF7F12010700001', '4100', '1', '488.0000000000', '1577691945408'), ('12836', '2CF7F12010700028', '4101', '1', '101266.0000000000', '1577691944266'), ('12837', '2CF7F1201070005D', '4098', '1', '67.0000000000', '1577691953423'), ('12838', '2CF7F1201070005D', '4097', '1', '25.0000000000', '1577691953423'), ('12839', '2CF7F12010700061', '4097', '1', '23.0000000000', '1577691971410'), ('12840', '2CF7F12010700061', '4098', '1', '73.0000000000', '1577691971410'), ('12841', '2CF7F1201070002A', '4101', '1', '101255.0000000000', '1577691972888'), ('12842', '2CF7F12010700061', '4097', '1', '23.0000000000', '1577691986182'), ('12843', '2CF7F12010700061', '4098', '1', '73.0000000000', '1577691986182'), ('12844', '2CF7F12010700041', '4101', '1', '101280.0000000000', '1577691993408'), ('12845', '2CF7F12010700029', '4101', '1', '101270.0000000000', '1577692000597'), ('12846', '2CF7F12010700061', '4097', '1', '23.0000000000', '1577692006931'), ('12847', '2CF7F12010700061', '4098', '1', '73.0000000000', '1577692006931'), ('12848', '2CF7F12010700032', '4101', '1', '101284.0000000000', '1577692028371'), ('12849', '2CF7F12010700070', '4101', '1', '101245.0000000000', '1577692037543'), ('12850', '2CF7F12010700070', '4101', '1', '101245.0000000000', '1577692051719'), ('12851', '2CF7F12010700002', '4097', '1', '26.0000000000', '1577692138152'), ('12852', '2CF7F12010700002', '4098', '1', '64.0000000000', '1577692138152'), ('12853', '2CF7F1201070002C', '4098', '1', '76.0000000000', '1577692136395'), ('12854', '2CF7F1201070002C', '4097', '1', '23.0000000000', '1577692136395'), ('12855', '2CF7F12010700060', '4101', '1', '101313.0000000000', '1577692157819'), ('12856', '2CF7F12010700028', '4101', '1', '101267.0000000000', '1577692245837'), ('12857', '2CF7F1201070000D', '4101', '1', '101280.0000000000', '1577692249241'), ('12858', '2CF7F1201070002A', '4101', '1', '101257.0000000000', '1577692294847'), ('12859', '2CF7F1201070005D', '4097', '1', '25.0000000000', '1577692290897'), ('12860', '2CF7F1201070005D', '4098', '1', '67.0000000000', '1577692290897'), ('12861', '2CF7F12010700041', '4101', '1', '101281.0000000000', '1577692294785'), ('12862', '2CF7F12010700001', '4100', '1', '464.0000000000', '1577692298684'), ('12863', '2CF7F12010700029', '4101', '1', '101267.0000000000', '1577692301966'), ('12864', '2CF7F12010700041', '4101', '1', '101281.0000000000', '1577692306894'), ('12865', '2CF7F12010700061', '4097', '1', '23.0000000000', '1577692314429'), ('12866', '2CF7F12010700061', '4098', '1', '74.0000000000', '1577692314429'), ('12867', '2CF7F12010700032', '4101', '1', '101295.0000000000', '1577692329744'), ('12868', '2CF7F12010700061', '4097', '1', '23.0000000000', '1577692333822'), ('12869', '2CF7F12010700061', '4098', '1', '74.0000000000', '1577692333822'), ('12870', '2CF7F12010700070', '4101', '1', '101246.0000000000', '1577692353912'), ('12871', '2CF7F12010700061', '4097', '1', '23.0000000000', '1577692352721'), ('12872', '2CF7F12010700061', '4098', '1', '74.0000000000', '1577692352721'), ('12873', '2CF7F1201070002C', '4097', '1', '23.0000000000', '1577692446452'), ('12874', '2CF7F12010700002', '4097', '1', '26.0000000000', '1577692448583'), ('12875', '2CF7F1201070002C', '4098', '1', '76.0000000000', '1577692446452'), ('12876', '2CF7F12010700002', '4098', '1', '65.0000000000', '1577692448583'), ('12877', '2CF7F12010700060', '4101', '1', '101316.0000000000', '1577692464998'), ('12878', '2CF7F1201070002C', '4097', '1', '23.0000000000', '1577692476979'), ('12879', '2CF7F1201070002C', '4098', '1', '76.0000000000', '1577692476979'), ('12880', '2CF7F12010700028', '4101', '1', '101270.0000000000', '1577692547211'), ('12881', '2CF7F1201070000D', '4101', '1', '101284.0000000000', '1577692552356'), ('12882', '2CF7F1201070005D', '4097', '1', '25.0000000000', '1577692592886'), ('12883', '2CF7F1201070005D', '4098', '1', '68.0000000000', '1577692592886'), ('12884', '2CF7F1201070002A', '4101', '1', '101256.0000000000', '1577692599615'), ('12885', '2CF7F12010700029', '4101', '1', '101276.0000000000', '1577692603335'), ('12886', '2CF7F12010700041', '4101', '1', '101283.0000000000', '1577692608266'), ('12887', '2CF7F12010700032', '4101', '1', '101297.0000000000', '1577692631117'), ('12888', '2CF7F12010700001', '4100', '1', '450.0000000000', '1577692640470'), ('12889', '2CF7F12010700070', '4101', '1', '101255.0000000000', '1577692654453'), ('12890', '2CF7F12010700061', '4097', '1', '23.0000000000', '1577692657394'), ('12891', '2CF7F12010700061', '4098', '1', '73.0000000000', '1577692657394'), ('12892', '2CF7F12010700001', '4100', '1', '450.0000000000', '1577692657986'), ('12893', '2CF7F12010700061', '4097', '1', '23.0000000000', '1577692672279'), ('12894', '2CF7F12010700061', '4098', '1', '73.0000000000', '1577692672279'), ('12895', '2CF7F12010700001', '4100', '1', '450.0000000000', '1577692674493'), ('12896', '2CF7F12010700061', '4097', '1', '23.0000000000', '1577692684855'), ('12897', '2CF7F12010700061', '4098', '1', '73.0000000000', '1577692684855'), ('12898', '2CF7F12010700002', '4097', '1', '25.0000000000', '1577692750862'), ('12899', '2CF7F12010700002', '4098', '1', '64.0000000000', '1577692750862'), ('12900', '2CF7F1201070002C', '4097', '1', '19.0000000000', '1577953783626'), ('12901', '2CF7F1201070002C', '4098', '1', '71.0000000000', '1577953783626'), ('12902', '2CF7F1201070002C', '4097', '1', '19.0000000000', '1577953799782'), ('12903', '2CF7F1201070002C', '4098', '1', '71.0000000000', '1577953799782'), ('12904', '2CF7F1201070002C', '4097', '1', '19.0000000000', '1577953818110'), ('12905', '2CF7F1201070002C', '4098', '1', '71.0000000000', '1577953818110'), ('12906', '2CF7F12010700001', '4100', '1', '710.0000000000', '1577953833757'), ('12907', '2CF7F12010700032', '4101', '1', '101778.0000000000', '1577953846410'), ('12908', '2CF7F12010700041', '4101', '1', '101754.0000000000', '1577953854335'), ('12909', '2CF7F1201070000D', '4101', '1', '101766.0000000000', '1577953873550'), ('12910', '2CF7F12010700070', '4101', '1', '101733.0000000000', '1577953930347'), ('12911', '2CF7F12010700061', '4097', '1', '19.0000000000', '1577953932259'), ('12912', '2CF7F12010700061', '4098', '1', '69.0000000000', '1577953932259'), ('12913', '2CF7F12010700028', '4101', '1', '101758.0000000000', '1577953946304'), ('12914', '2CF7F12010700070', '4101', '1', '101733.0000000000', '1577953950652'), ('12915', '2CF7F12010700028', '4101', '1', '101758.0000000000', '1577953964626'), ('12916', '2CF7F12010700061', '4098', '1', '69.0000000000', '1577953966514'), ('12917', '2CF7F12010700061', '4097', '1', '19.0000000000', '1577953966514'), ('12918', '2CF7F12010700060', '4101', '1', '101795.0000000000', '1577953999991'), ('12919', '2CF7F12010700029', '4101', '1', '101748.0000000000', '1577954013389'), ('12920', '2CF7F12010700002', '4097', '1', '23.0000000000', '1577954057782'), ('12921', '2CF7F1201070000D', '4101', '1', '101762.0000000000', '1577954174922'), ('12922', '2CF7F12010700001', '4100', '1', '716.0000000000', '1577954175143'), ('12923', '2CF7F12010700070', '4101', '1', '101726.0000000000', '1577954253419'), ('12924', '2CF7F12010700028', '4101', '1', '101753.0000000000', '1577954266112'), ('12925', '2CF7F12010700061', '4097', '1', '19.0000000000', '1577954270919'), ('12926', '2CF7F12010700061', '4098', '1', '69.0000000000', '1577954270919'), ('12927', '2CF7F1201070005D', '4097', '1', '23.0000000000', '1577954285831'), ('12928', '2CF7F1201070005D', '4098', '1', '60.0000000000', '1577954285831'), ('12929', '2CF7F12010700061', '4097', '1', '19.0000000000', '1577954290556'), ('12930', '2CF7F12010700061', '4098', '1', '69.0000000000', '1577954290556'), ('12931', '2CF7F12010700060', '4101', '1', '101793.0000000000', '1577954301450'), ('12932', '2CF7F12010700029', '4101', '1', '101742.0000000000', '1577954314764'), ('12933', '2CF7F12010700060', '4101', '1', '101793.0000000000', '1577954314813'), ('12934', '2CF7F12010700060', '4101', '1', '101793.0000000000', '1577954328796'), ('12935', '2CF7F12010700002', '4098', '1', '58.0000000000', '1577954358513'), ('12936', '2CF7F12010700002', '4097', '1', '23.0000000000', '1577954358513'), ('12937', '2CF7F15000100124', '4097', '1', '22.0000000000', '1577954535000'), ('12938', '2CF7F15000100124', '4098', '1', '65.0000000000', '1577954535000');
COMMIT;

-- ----------------------------
--  Table structure for `tb_node_sensor_measures`
-- ----------------------------
DROP TABLE IF EXISTS `tb_node_sensor_measures`;
CREATE TABLE `tb_node_sensor_measures` (
  `id` int(11) NOT NULL AUTO_INCREMENT,
  `dev_eui` varchar(255) DEFAULT NULL,
  `sensor_eui` varchar(255) DEFAULT NULL,
  `measure_id` int(11) DEFAULT NULL,
  PRIMARY KEY (`id`) USING BTREE
) ENGINE=InnoDB AUTO_INCREMENT=755 DEFAULT CHARSET=utf8 ROW_FORMAT=DYNAMIC;

-- ----------------------------
--  Records of `tb_node_sensor_measures`
-- ----------------------------
BEGIN;
INSERT INTO `tb_node_sensor_measures` VALUES ('667', '2CF7F15000100138', '2CF7F13013000151', '4101'), ('668', '2CF7F15000100124', '2CF7F13004700071', '4097'), ('669', '2CF7F15000100124', '2CF7F13004700071', '4098'), ('670', '2CF7F12210400046', '2CF7F130047000C0', '4097'), ('671', '2CF7F12210400046', '2CF7F130047000C0', '4098'), ('672', '2CF7F12210400082', '2CF7F1300490040F', '4101'), ('673', '2CF7F12210400023', '2CF7F13004700415', '4099'), ('674', '2CF7F1201070001C', '2CF7F1301460019B', '4110'), ('675', '2CF7F1201070001C', '2CF7F1301460019B', '4111'), ('676', '2CF7F1201070001C', '2CF7F1301460019B', '4112'), ('677', '2CF7F15000100140', '2CF7F13013000132', '4101'), ('678', '2CF7F12210400085', '2CF7F13004900008', '4100'), ('679', '2CF7F1221040004A', '2CF7F13003900006', '4103'), ('680', '2CF7F1221040004A', '2CF7F13003900006', '4102'), ('681', '2CF7F1221040008A', '2CF7F130049003FB', '4101'), ('682', '2CF7F1221040007F', '2CF7F13004700078', '4097'), ('683', '2CF7F1221040007F', '2CF7F13004700078', '4098'), ('684', '2CF7F12210400073', '2CF7F13011900066', '4099'), ('685', '2CF7F1211070001E', '2CF7F13013000148', '4101'), ('686', '2CF7F12110700002', '2CF7F1301300014D', '4101'), ('687', '2CF7F1221040000C', '2CF7F13012100000', '4113'), ('688', '2CF7F15000100109', '2CF7F13004900021', '4100'), ('689', '2CF7F12010700088', '2CF7F1300470008D', '4097'), ('690', '2CF7F12010700088', '2CF7F1300470008D', '4098'), ('691', '2CF7F15000100106', '2CF7F1301300013A', '4101'), ('692', '2CF7F15000100126', '2CF7F13013000068', '4097'), ('693', '2CF7F15000100126', '2CF7F13013000068', '4098'), ('694', '2CF7F15000100125', '2CF7F1300470021B', '4097'), ('695', '2CF7F15000100125', '2CF7F1300470021B', '4098'), ('696', '2CF7F15000100129', '2CF7F1301300014E', '4101'), ('697', '2CF7F12210400089', '2CF7F13012000000', '4110'), ('698', '2CF7F12210400089', '2CF7F13012000000', '4111'), ('699', '2CF7F12210400089', '2CF7F13012000000', '4112'), ('700', '2CF7F12210400090', '2CF7F13011700000', '4109'), ('701', '2CF7F12210400086', '2CF7F1301140006C', '4107'), ('702', '2CF7F12110700028', '2CF7F130119000C9', '4100'), ('703', '2CF7F1221040008C', '2CF7F13004900019', '4100'), ('704', '2CF7F12010700074', '2CF7F13013000190', '4099'), ('705', '2CF7F1201070002E', '2CF7F1301230008E', '4097'), ('706', '2CF7F1201070002E', '2CF7F1301230008E', '4098'), ('707', '2CF7F12010700073', '2CF7F13014900064', '4107'), ('708', '2CF7F12010700063', '2CF7F1301300004D', '4102'), ('709', '2CF7F12010700063', '2CF7F1301300004D', '4103'), ('710', '2CF7F1201070003B', '2CF7F13014900066', '4107'), ('711', '2CF7F1201070005B', '2CF7F1301460019A', '4110'), ('712', '2CF7F1201070005B', '2CF7F1301460019A', '4111'), ('713', '2CF7F1201070005B', '2CF7F1301460019A', '4112'), ('714', '2CF7F1201070000D', '2CF7F13011900006', '4101'), ('715', '2CF7F12010700002', '2CF7F1301230008D', '4097'), ('716', '2CF7F12010700002', '2CF7F1301230008D', '4098'), ('717', '2CF7F12010700060', '2CF7F130123000C9', '4101'), ('718', '2CF7F1201070005D', '2CF7F13013000065', '4097'), ('719', '2CF7F1201070005D', '2CF7F13013000065', '4098'), ('720', '2CF7F12010700032', '2CF7F13011900002', '4101'), ('721', '2CF7F12010700028', '2CF7F130123000D0', '4101'), ('722', '2CF7F12010700041', '2CF7F13013000131', '4101'), ('723', '2CF7F12010700070', '2CF7F1301300014B', '4101'), ('724', '2CF7F12010700061', '2CF7F13012300089', '4097'), ('725', '2CF7F12010700061', '2CF7F13012300089', '4098'), ('726', '2CF7F1201070002A', '2CF7F1300490041C', '4101'), ('727', '2CF7F1201070002C', '2CF7F130047000B1', '4097'), ('728', '2CF7F1201070002C', '2CF7F130047000B1', '4098'), ('729', '2CF7F12010700029', '2CF7F1301300013B', '4101'), ('730', '2CF7F12010700001', '2CF7F1301260000F', '4100'), ('731', '2CF7F12213800073', '2CF7F13014900002', '4105'), ('732', '2CF7F12212100047', '2CF7F13004700080', '4097'), ('733', '2CF7F12212100047', '2CF7F13004700080', '4098'), ('734', '2CF7F1221380002E', '2CF7F13014900067', '4107'), ('735', '2CF7F1221380006F', '2CF7F13013000061', '4102'), ('736', '2CF7F1221380006F', '2CF7F13013000061', '4103'), ('737', '2CF7F12213800065', '2CF7F1301300004C', '4102'), ('738', '2CF7F12213800065', '2CF7F1301300004C', '4103'), ('739', '2CF7F1221380002A', '2CF7F13013000047', '4102'), ('740', '2CF7F1221380002A', '2CF7F13013000047', '4103'), ('741', '2CF7F1221210003A', '2CF7F1301260000C', '4100'), ('742', '2CF7F12213800050', '2CF7F1301300004F', '4102'), ('743', '2CF7F12213800050', '2CF7F1301300004F', '4103'), ('744', '2CF7F12212100030', '2CF7F1300470006D', '4097'), ('745', '2CF7F12212100030', '2CF7F1300470006D', '4098'), ('746', '2CF7F12212100051', '2CF7F13014600198', '4110'), ('747', '2CF7F12212100051', '2CF7F13014600198', '4111'), ('748', '2CF7F12212100051', '2CF7F13014600198', '4112'), ('749', '2CF7F1221210008C', '2CF7F13014900065', '4107'), ('750', '2CF7F12212100068', '2CF7F13013100000', '4099'), ('751', '2CF7F12010700028', '2CF7F130123000F1', '4101'), ('752', '2CF7F12010700073', '2CF7F13014900066', '4107'), ('753', '2CF7F1201070002E', '2CF7F13004700083', '4097'), ('754', '2CF7F1201070002E', '2CF7F13004700083', '4098');
COMMIT;

-- ----------------------------
--  Table structure for `tb_node_sensors`
-- ----------------------------
DROP TABLE IF EXISTS `tb_node_sensors`;
CREATE TABLE `tb_node_sensors` (
  `id` int(11) NOT NULL AUTO_INCREMENT,
  `dev_eui` varchar(255) DEFAULT NULL,
  `sensor_eui` varchar(255) DEFAULT NULL,
  `sensor_channel` int(11) DEFAULT NULL,
  PRIMARY KEY (`id`) USING BTREE
) ENGINE=InnoDB AUTO_INCREMENT=486 DEFAULT CHARSET=utf8 ROW_FORMAT=DYNAMIC;

-- ----------------------------
--  Records of `tb_node_sensors`
-- ----------------------------
BEGIN;
INSERT INTO `tb_node_sensors` VALUES ('426', '2CF7F15000100138', '2CF7F13013000151', '-1'), ('427', '2CF7F15000100124', '2CF7F13004700071', '-1'), ('428', '2CF7F12210400046', '2CF7F130047000C0', '-1'), ('429', '2CF7F12210400082', '2CF7F1300490040F', '-1'), ('430', '2CF7F12210400023', '2CF7F13004700415', '-1'), ('431', '2CF7F1201070001C', '2CF7F1301460019B', '-1'), ('432', '2CF7F15000100140', '2CF7F13013000132', '-1'), ('433', '2CF7F12210400085', '2CF7F13004900008', '-1'), ('434', '2CF7F1221040004A', '2CF7F13003900006', '-1'), ('435', '2CF7F1221040008A', '2CF7F130049003FB', '-1'), ('436', '2CF7F1221040007F', '2CF7F13004700078', '-1'), ('437', '2CF7F12210400073', '2CF7F13011900066', '-1'), ('438', '2CF7F1211070001E', '2CF7F13013000148', '-1'), ('439', '2CF7F12110700002', '2CF7F1301300014D', '-1'), ('440', '2CF7F1221040000C', '2CF7F13012100000', '-1'), ('441', '2CF7F15000100109', '2CF7F13004900021', '-1'), ('442', '2CF7F12010700088', '2CF7F1300470008D', '-1'), ('443', '2CF7F15000100106', '2CF7F1301300013A', '-1'), ('444', '2CF7F15000100126', '2CF7F13013000068', '-1'), ('445', '2CF7F15000100125', '2CF7F1300470021B', '-1'), ('446', '2CF7F15000100129', '2CF7F1301300014E', '-1'), ('447', '2CF7F12210400089', '2CF7F13012000000', '-1'), ('448', '2CF7F12210400090', '2CF7F13011700000', '-1'), ('449', '2CF7F12210400086', '2CF7F1301140006C', '-1'), ('450', '2CF7F12110700028', '2CF7F130119000C9', '-1'), ('451', '2CF7F1221040008C', '2CF7F13004900019', '-1'), ('452', '2CF7F12010700074', '2CF7F13013000190', '-1'), ('453', '2CF7F1201070002E', '2CF7F1301230008E', '-1'), ('454', '2CF7F12010700073', '2CF7F13014900064', '-1'), ('455', '2CF7F12010700063', '2CF7F1301300004D', '-1'), ('456', '2CF7F1201070003B', '2CF7F13014900066', '-1'), ('457', '2CF7F1201070005B', '2CF7F1301460019A', '-1'), ('458', '2CF7F1201070000D', '2CF7F13011900006', '-1'), ('459', '2CF7F12010700002', '2CF7F1301230008D', '-1'), ('460', '2CF7F12010700060', '2CF7F130123000C9', '-1'), ('461', '2CF7F1201070005D', '2CF7F13013000065', '-1'), ('462', '2CF7F12010700032', '2CF7F13011900002', '-1'), ('463', '2CF7F12010700028', '2CF7F130123000D0', '-1'), ('464', '2CF7F12010700041', '2CF7F13013000131', '-1'), ('465', '2CF7F12010700070', '2CF7F1301300014B', '-1'), ('466', '2CF7F12010700061', '2CF7F13012300089', '-1'), ('467', '2CF7F1201070002A', '2CF7F1300490041C', '-1'), ('468', '2CF7F1201070002C', '2CF7F130047000B1', '-1'), ('469', '2CF7F12010700029', '2CF7F1301300013B', '-1'), ('470', '2CF7F12010700001', '2CF7F1301260000F', '-1'), ('471', '2CF7F12213800073', '2CF7F13014900002', '-1'), ('472', '2CF7F12212100047', '2CF7F13004700080', '-1'), ('473', '2CF7F1221380002E', '2CF7F13014900067', '-1'), ('474', '2CF7F1221380006F', '2CF7F13013000061', '-1'), ('475', '2CF7F12213800065', '2CF7F1301300004C', '-1'), ('476', '2CF7F1221380002A', '2CF7F13013000047', '-1'), ('477', '2CF7F1221210003A', '2CF7F1301260000C', '-1'), ('478', '2CF7F12213800050', '2CF7F1301300004F', '-1'), ('479', '2CF7F12212100030', '2CF7F1300470006D', '-1'), ('480', '2CF7F12212100051', '2CF7F13014600198', '-1'), ('481', '2CF7F1221210008C', '2CF7F13014900065', '-1'), ('482', '2CF7F12212100068', '2CF7F13013100000', '-1'), ('483', '2CF7F12010700028', '2CF7F130123000F1', '-1'), ('484', '2CF7F12010700073', '2CF7F13014900066', '-1'), ('485', '2CF7F1201070002E', '2CF7F13004700083', '-1');
COMMIT;

-- ----------------------------
--  Table structure for `tb_nodes`
-- ----------------------------
DROP TABLE IF EXISTS `tb_nodes`;
CREATE TABLE `tb_nodes` (
  `dev_eui` varchar(255) NOT NULL,
  `dev_name` varchar(1023) DEFAULT NULL,
  `battery_status` int(11) DEFAULT NULL,
  `online_status` int(11) DEFAULT NULL,
  PRIMARY KEY (`dev_eui`) USING BTREE
) ENGINE=InnoDB DEFAULT CHARSET=utf8 ROW_FORMAT=DYNAMIC;

-- ----------------------------
--  Records of `tb_nodes`
-- ----------------------------
BEGIN;
INSERT INTO `tb_nodes` VALUES ('2CF7F12010700001', '设备2CF7F12010700001', '1', '1'), ('2CF7F12010700002', '设备2CF7F12010700002', '1', '1'), ('2CF7F1201070000D', '设备2CF7F1201070000D', '1', '1'), ('2CF7F1201070001C', 'Temp&VWC&EC', '1', '1'), ('2CF7F12010700028', '设备2CF7F12010700028', '1', '1'), ('2CF7F12010700029', '设备2CF7F12010700029', '1', '1'), ('2CF7F1201070002A', '设备2CF7F1201070002A', '1', '1'), ('2CF7F1201070002C', '设备2CF7F1201070002C', '1', '1'), ('2CF7F1201070002E', '设备2CF7F1201070002E', '1', '0'), ('2CF7F12010700032', '设备2CF7F12010700032', '1', '1'), ('2CF7F1201070003B', '设备2CF7F1201070003B', '1', '1'), ('2CF7F12010700041', '设备2CF7F12010700041', '1', '1'), ('2CF7F1201070005B', '设备2CF7F1201070005B', '1', '1'), ('2CF7F1201070005D', '设备2CF7F1201070005D', '1', '1'), ('2CF7F12010700060', '设备2CF7F12010700060', '1', '1'), ('2CF7F12010700061', '设备2CF7F12010700061', '1', '1'), ('2CF7F12010700063', '设备2CF7F12010700063', '1', '0'), ('2CF7F12010700070', '设备2CF7F12010700070', '1', '1'), ('2CF7F12010700073', '设备2CF7F12010700073', '1', '1'), ('2CF7F12010700074', '设备2CF7F12010700074', '1', '1'), ('2CF7F12010700076', '设备2CF7F12010700076', '1', '0'), ('2CF7F12010700088', '设备2CF7F12010700088', '1', '0'), ('2CF7F12013500012', '设备2CF7F12013500012', '1', '0'), ('2CF7F12104700010', 'US915-2CF7F12104700010', '1', '0'), ('2CF7F12104700011', 'US915-2CF7F12104700011', '1', '0'), ('2CF7F12104700014', 'US915-2CF7F12104700014-TCXO', '1', '0'), ('2CF7F12110700002', '设备2CF7F12110700002_', '1', '0'), ('2CF7F1211070000B', '915-Air Pressure-2CF7F1211070000B', '1', '0'), ('2CF7F12110700014', '915-Light-2CF7F12110700014', '1', '0'), ('2CF7F12110700015', '915-CO2-2CF7F12110700015', '1', '0'), ('2CF7F12110700016', '915-Wind Direction-2CF7F12110700016', '1', '0'), ('2CF7F12110700017', '915-Wind Speed-2CF7F12110700017', '1', '0'), ('2CF7F1211070001E', '设备2CF7F1211070001E', '0', '0'), ('2CF7F12110700020', '915-Soil TH-2CF7F12110700020', '1', '0'), ('2CF7F12110700021', '915-pH-2CF7F12110700021', '1', '0'), ('2CF7F12110700025', '915-PAR-2CF7F12110700025', '1', '0'), ('2CF7F12110700028', '设备2CF7F12110700028', '1', '0'), ('2CF7F12110700066', 'ShuYang Demo-TH', '1', '0'), ('2CF7F1211070006B', '设备2CF7F1211070006B', '1', '0'), ('2CF7F1220470000E', 'CN470-2CF7F1220470000E', '1', '0'), ('2CF7F1220470000F', 'CN470-2CF7F1220470000F', '1', '0'), ('2CF7F12204700010', 'CN470-2CF7F12204700010', '1', '0'), ('2CF7F12204700012', 'CN470-2CF7F12204700012', '1', '0'), ('2CF7F12210400002', 'Air TH-2CF7F12210400002', '1', '0'), ('2CF7F1221040000C', 'Rainfall-2CF7F1221040000C', '1', '0'), ('2CF7F12210400020', '设备2CF7F12210400020', '1', '0'), ('2CF7F12210400023', '设备2CF7F12210400023', '1', '1'), ('2CF7F12210400046', '设备2CF7F12210400046', '1', '1'), ('2CF7F1221040004A', '雅安茶园 - 土壤 - 2CF7F1221040004A', '1', '0'), ('2CF7F12210400073', '雅安茶园 - 光照 - 2CF7F12210400073', '1', '0'), ('2CF7F12210400077', 'pH-2CF7F12210400077', '0', '0'), ('2CF7F1221040007F', '雅安茶园 - 温湿度 - 2CF7F1221040007F', '1', '0'), ('2CF7F12210400082', '设备2CF7F12210400082', '1', '1'), ('2CF7F12210400085', '雅安茶园 - CO2 - 2CF7F12210400085', '1', '0'), ('2CF7F12210400086', 'PAR-2CF7F12210400086', '1', '0'), ('2CF7F12210400089', 'EC-2CF7F12210400089', '1', '0'), ('2CF7F1221040008A', '雅安茶园 - 大气压 - 2CF7F1221040008A', '1', '0'), ('2CF7F1221040008C', '设备2CF7F1221040008C', '1', '0'), ('2CF7F12210400090', 'DO-2CF7F12210400090', '1', '0'), ('2CF7F12210400092', '设备2CF7F12210400092', '1', '0'), ('2CF7F12210400093', '设备2CF7F12210400093', '1', '0'), ('2CF7F12210400095', '设备2CF7F12210400095-TCXO', '1', '0'), ('2CF7F12210400096', '设备2CF7F12210400096', '1', '1'), ('2CF7F12212100030', '设备2CF7F12212100030', '1', '0'), ('2CF7F1221210003A', '设备2CF7F1221210003A', '1', '0'), ('2CF7F12212100047', '设备2CF7F12212100047', '1', '0'), ('2CF7F12212100051', '设备2CF7F12212100051', '1', '0'), ('2CF7F12212100068', '设备2CF7F12212100068', '1', '0'), ('2CF7F1221210008C', '设备2CF7F1221210008C', '1', '0'), ('2CF7F1221380002A', '设备2CF7F1221380002A', '1', '0'), ('2CF7F1221380002E', '设备2CF7F1221380002E', '1', '0'), ('2CF7F12213800050', '设备2CF7F12213800050', '1', '0'), ('2CF7F12213800065', '设备2CF7F12213800065', '1', '0'), ('2CF7F1221380006F', '设备2CF7F1221380006F', '1', '0'), ('2CF7F12213800073', '设备2CF7F12213800073', '1', '0'), ('2CF7F15000100103', '设备2CF7F15000100103', '1', '0'), ('2CF7F15000100106', '设备2CF7F15000100106', '1', '0'), ('2CF7F15000100107', '设备2CF7F15000100107', '1', '0'), ('2CF7F15000100108', '设备2CF7F15000100108', '1', '0'), ('2CF7F15000100109', '设备2CF7F15000100109', '1', '0'), ('2CF7F15000100110', '设备2CF7F15000100110', '1', '0'), ('2CF7F15000100112', '设备2CF7F15000100112', '1', '0'), ('2CF7F15000100117', '设备2CF7F15000100117', '1', '0'), ('2CF7F15000100119', '设备2CF7F15000100119', '1', '0'), ('2CF7F15000100121', '设备2CF7F15000100121', '1', '0'), ('2CF7F15000100122', '设备2CF7F15000100122', '1', '0'), ('2CF7F15000100123', '设备2CF7F15000100123', '1', '0'), ('2CF7F15000100124', '设备2CF7F15000100124—changenamelonglonglonglonglong', '1', '1'), ('2CF7F15000100125', '设备2CF7F15000100125', '1', '0'), ('2CF7F15000100126', '设备2CF7F15000100126', '1', '0'), ('2CF7F15000100127', '设备2CF7F15000100127', '1', '0'), ('2CF7F15000100129', '设备2CF7F15000100129', '1', '0'), ('2CF7F15000100130', '设备2CF7F15000100130', '1', '0'), ('2CF7F15000100133', '设备2CF7F15000100133', '1', '0'), ('2CF7F15000100134', '设备2CF7F15000100134', '1', '0'), ('2CF7F15000100135', '设备2CF7F15000100135', '1', '0'), ('2CF7F15000100138', '设备2CF7F15000100138', '1', '0'), ('2CF7F15000100139', '设备2CF7F15000100139', '1', '0'), ('2CF7F15000100140', '设备2CF7F15000100140', '1', '0'), ('2CF7F15000100144', '设备2CF7F15000100144', '1', '0'), ('2CF7F15000100145', '设备2CF7F15000100145', '1', '0'), ('2CF7F15000100146', '设备2CF7F15000100146', '1', '0'), ('2CF7F15000100147', '设备2CF7F15000100147', '1', '0');
COMMIT;

-- ----------------------------
--  Table structure for `tb_sensors`
-- ----------------------------
DROP TABLE IF EXISTS `tb_sensors`;
CREATE TABLE `tb_sensors` (
  `sensor_eui` varchar(255) NOT NULL,
  `sensor_name` varchar(1023) DEFAULT NULL,
  `sensor_channel` int(11) DEFAULT NULL,
  PRIMARY KEY (`sensor_eui`) USING BTREE
) ENGINE=InnoDB DEFAULT CHARSET=utf8 ROW_FORMAT=DYNAMIC;

-- ----------------------------
--  View structure for `v_sensor_current_values`
-- ----------------------------
DROP VIEW IF EXISTS `v_sensor_current_values`;
CREATE ALGORITHM=UNDEFINED DEFINER=`root`@`%` SQL SECURITY DEFINER VIEW `v_sensor_current_values` AS select `d`.`dev_eui` AS `dev_eui`,`d`.`dev_name` AS `dev_name`,`d`.`battery_status` AS `battery_status`,`d`.`online_status` AS `online_status`,`b`.`sensor_channel` AS `sensor_channel`,`c`.`measure_id` AS `measure_id`,`c`.`measure_Name` AS `measure_Name`,`c`.`unit` AS `unit`,`a`.`value` AS `value`,`a`.`time` AS `time`,`g`.`id` AS `class_id`,`g`.`name` AS `class_Name`,`c`.`minval` AS `minval`,`c`.`maxval` AS `maxval` from (((((((`sensecap_monitor`.`tb_node_measure_values` `a` join `sensecap_monitor`.`tb_node_sensors` `b` on((`b`.`dev_eui` = `a`.`dev_eui`))) join `sensecap_monitor`.`tb_measure` `c` on((`c`.`measure_id` = `a`.`measure_id`))) join `sensecap_monitor`.`tb_nodes` `d` on((`d`.`dev_eui` = `a`.`dev_eui`))) join `sensecap_monitor`.`tb_node_sensor_measures` `e` on(((`e`.`measure_id` = `a`.`measure_id`) and (`e`.`dev_eui` = `a`.`dev_eui`)))) left join `sensecap_monitor`.`tb_measure_cates` `f` on((`f`.`cate_id` = `c`.`cate_id`))) left join `sensecap_monitor`.`tb_measure_class` `g` on((`g`.`id` = `f`.`class_id`))) join (select max(`t`.`id`) AS `mid` from `sensecap_monitor`.`tb_node_measure_values` `t` group by `t`.`dev_eui`,`t`.`measure_id`,`t`.`channel`) `t` on((`a`.`id` = `t`.`mid`)));

-- ----------------------------
--  View structure for `v_sensor_status_resume`
-- ----------------------------
DROP VIEW IF EXISTS `v_sensor_status_resume`;
CREATE ALGORITHM=UNDEFINED DEFINER=`root`@`%` SQL SECURITY DEFINER VIEW `v_sensor_status_resume` AS select `e`.`id` AS `classId`,max(`e`.`name`) AS `className`,sum((case when (`a`.`battery_status` = 1) then 1 else 0 end)) AS `battery_full`,sum((case when (`a`.`battery_status` = 1) then 0 else 1 end)) AS `battery_poor`,sum((case when (`a`.`online_status` = 1) then 1 else 0 end)) AS `online`,sum((case when (`a`.`online_status` = 1) then 0 else 1 end)) AS `unline` from ((`sensecap_monitor`.`tb_nodes` `a` join (select `b`.`dev_eui` AS `dev_eui`,max(`d`.`class_id`) AS `classId` from ((`sensecap_monitor`.`tb_node_sensor_measures` `b` join `sensecap_monitor`.`tb_measure` `c` on((`c`.`measure_id` = `b`.`measure_id`))) join `sensecap_monitor`.`tb_measure_cates` `d` on((`d`.`cate_id` = `c`.`cate_id`))) group by `b`.`dev_eui`) `t1` on((`a`.`dev_eui` = `t1`.`dev_eui`))) join `sensecap_monitor`.`tb_measure_class` `e` on((`e`.`id` = `t1`.`classId`))) group by `e`.`id`;

SET FOREIGN_KEY_CHECKS = 1;
